property_id,listing_date,sale_date,city,latitude,longitude,property_type,bedrooms,bathrooms,area,lot_size,year_built,age,condition,price,parking,has_pool,has_fireplace,stories,garage_spaces,hoa_fee,days_on_market,views,school_rating,walk_score,description
PROP_0183,2023-12-05,2023-12-11,San Antonio,29.42842716947443,-98.39055265795642,Townhouse,3,1.5,548.0,0.4167757391923868,1978.0,46.0,Fair,273130.0,Garage,True,Yes,2,2,182.21,20.0,130,5,65.6,Spacious 3 bedroom townhouse. Perfect for families! San Antonio location. Updated kitchen and appliances.
PROP_0155,2021-06-24,2021-09-12,Chicago,41.717559100881545,-87.57301465262287,Single Family,4,2.0,2442.0,0.11082976182496804,1940.0,84.0,Excellent,606353.0,Garage,False,Yes,3,1,148.8,14.0,129,4,76.2,
PROP_0112,2020-10-15,2021-02-12,San Antonio,29.515237619580457,-98.58525458247755,Townhouse,3,2.5,1435.0,0.2383419594498278,2007.0,18.0,Good,489019.0,Garage,False,No,1,2,185.35,51.0,121,6,,Beautiful good townhouse with 3 bedrooms in San Antonio. Spacious living area. Updated kitchen and appliances.
PROP_0204,2021-10-03,2022-02-25,New York,40.64325783701101,-74.01015700975425,Condo,3,1.5,898.0,,2012.0,12.0,Fair,525116.0,Garage,True,Yes,1,2,205.67,80.0,136,1,73.0,Charming condo featuring 1.5 bathrooms. Great location in New York! Close to schools and shopping.
PROP_0061,2020-04-01,2020-07-18,Houston,29.741308850861166,-95.33850258481831,Single Family,6,2.0,3312.0,0.26507015088036656,2010.0,15.0,Poor,796409.0,Garage,True,Yes,2,1,,51.0,118,6,68.4,Charming single family featuring 2.0 bathrooms. Great location in Houston!
PROP_0010,2023-05-23,2023-07-17,Chicago,41.803303001017355,-87.84368003148093,Multi Family,4,1.0,929.0,0.11918657531927554,1996.0,29.0,Fair,454915.0,Garage,False,No,1,2,161.51,49.0,130,4,63.1,Beautiful fair multi family with 4 bedrooms in Chicago. Spacious living area. Updated kitchen and appliances. Close to schools and shopping.
PROP_0120,2022-02-18,2022-03-07,Phoenix,33.50250018726036,-112.06070638147773,Single Family,3,2.5,904.0,0.09407634618666597,2013.0,11.0,Poor,409684.0,Street,False,No,2,1,144.08,76.0,130,4,90.4,Stunning poor property with modern amenities. 3BR/2.5BA in prime Phoenix area. Close to schools and shopping.
PROP_0158,2023-03-29,2023-06-27,Dallas,32.590565109632315,-96.82697385766092,Condo,3,3.0,1102.0,,1971.0,54.0,Good,289223.0,Garage,True,No,1,2,590.88,57.0,130,3,,Spacious 3 bedroom condo. Perfect for families! Dallas location. Updated kitchen and appliances.
PROP_0168,2023-09-25,2024-01-08,Austin,30.225613265858822,-97.75350497567996,Condo,3,2.5,862.0,,1988.0,37.0,Excellent,388800.0,Garage,False,No,2,2,211.13,45.0,113,7,64.2,Spacious 3 bedroom condo. Perfect for families! Austin location. Updated kitchen and appliances. Close to schools and shopping.
PROP_0034,2022-12-18,2023-01-15,Austin,30.36420777779137,-97.67102269508594,Villa,4,3.5,1310.0,0.7262190881062532,1995.0,29.0,Good,626063.0,Garage,True,No,1,1,171.2,46.0,116,7,78.9,Spacious 4 bedroom villa. Perfect for families! Austin location. Updated kitchen and appliances.
PROP_0006,2022-12-31,2023-01-26,Dallas,32.96139803314476,-96.77040447306456,Single Family,4,2.5,814.0,0.05,1997.0,28.0,Good,373684.0,Garage,True,Yes,3,2,211.52,79.0,115,8,87.6,Spacious 4 bedroom single family. Perfect for families! Dallas location. Updated kitchen and appliances. Close to schools and shopping.
PROP_0102,2020-03-05,2020-05-02,New York,40.63336974248365,-73.84392319765327,Condo,2,3.0,960.0,,2003.0,22.0,Good,596238.0,Garage,True,No,3,1,533.32,81.0,121,8,93.0,Beautiful good condo with 2 bedrooms in New York. Spacious living area.
PROP_0046,2021-10-08,2021-12-05,New York,40.788991898643566,-73.9847344237617,Condo,3,2.0,1040.0,,1976.0,49.0,Fair,471449.0,None,False,No,2,0,277.63,55.0,125,5,89.7,Stunning fair property with modern amenities. 3BR/2.0BA in prime New York area.
PROP_0178,2021-09-19,2021-12-01,Phoenix,33.387937222139826,-112.0770950647932,Single Family,2,1.0,1241.0,0.05,2006.0,19.0,Fair,335969.0,Street,False,No,2,0,,67.0,107,3,86.2,"Lovely single family home, well-maintained and move-in ready. Located in Phoenix. Close to schools and shopping."
PROP_0119,2020-07-19,2020-12-14,New York,40.73584872146035,-73.96276912688093,Single Family,1,2.0,1012.0,0.1288467931876315,2014.0,11.0,Good,600867.0,Garage,False,No,2,2,313.95,75.0,102,5,49.1,Charming single family featuring 2.0 bathrooms. Great location in New York!
PROP_0047,2020-01-21,2020-03-23,New York,40.79958490366632,-74.09965140174967,Condo,4,1.0,1754.0,,2008.0,17.0,Good,553376.0,Carport,False,No,1,2,478.8,24.0,119,7,55.2,Stunning good property with modern amenities. 4BR/1.0BA in prime New York area.
PROP_0126,2022-03-15,2022-08-11,New York,40.500864263196135,-74.04108653069736,Single Family,4,1.0,1563.0,0.14857592197724465,1947.0,77.0,Excellent,624885.0,None,False,No,1,2,,4.0,126,3,,"Lovely single family home, well-maintained and move-in ready. Located in New York. Close to schools and shopping."
PROP_0196,2023-11-10,2024-01-20,Chicago,41.85327370992149,-87.68928902970696,Townhouse,3,2.0,2707.0,0.6437957543577872,2012.0,13.0,Good,647899.0,Street,False,Yes,1,2,138.81,79.0,118,5,71.8,Stunning good property with modern amenities. 3BR/2.0BA in prime Chicago area.
PROP_0252,2023-08-14,2023-11-26,Dallas,32.720400632846435,-96.8051850731488,Single Family,5,3.0,1158.0,0.3980916823506265,2001.0,23.0,Good,513324.0,Garage,False,No,2,1,,45.0,116,9,81.0,Stunning good property with modern amenities. 5BR/3.0BA in prime Dallas area.
PROP_0144,2022-05-13,2022-08-21,Phoenix,33.53862546733892,-112.27519180032037,Townhouse,4,1.5,1026.0,0.055428264061751324,1999.0,26.0,Good,333248.0,Garage,False,Yes,2,0,165.68,41.0,127,5,82.0,Charming townhouse featuring 1.5 bathrooms. Great location in Phoenix! Updated kitchen and appliances.
PROP_0233,2021-04-08,2021-07-17,Chicago,41.7308491621959,-87.63876956268075,Multi Family,1,2.0,1302.0,0.32426849019968634,2002.0,23.0,Good,317901.0,Garage,True,No,2,2,742.03,23.0,121,3,83.1,Beautiful good multi family with 1 bedrooms in Chicago. Spacious living area. Updated kitchen and appliances.
PROP_0273,2021-02-07,2021-03-22,Austin,30.428206746869336,-97.90767765295153,Townhouse,4,3.5,1635.0,0.8573468372892534,1924.0,100.0,Poor,557708.0,Garage,False,Yes,3,1,355.41,40.0,110,7,54.8,"Lovely townhouse home, well-maintained and move-in ready. Located in Austin."
PROP_0249,2021-04-17,2021-07-16,San Antonio,29.660955912797917,-98.53600385819995,Villa,2,2.0,628.0,0.18765086999481398,2005.0,19.0,Good,1080065.0,Street,False,No,1,2,130.2,6.0,115,3,53.2,Charming villa featuring 2.0 bathrooms. Great location in San Antonio! Close to schools and shopping.
PROP_0026,2023-03-30,2023-09-22,Dallas,32.54406482865002,-96.64591967818855,Townhouse,3,2.0,2516.0,0.5437047839551977,1963.0,62.0,Good,505347.0,Garage,False,Yes,2,1,80.28,24.0,119,5,69.7,Beautiful good townhouse with 3 bedrooms in Dallas. Spacious living area.
PROP_0148,2022-10-17,2023-01-18,San Antonio,29.44164210753001,-98.35474088785558,Single Family,2,2.5,962.0,0.06091245338536068,2008.0,17.0,Good,318875.0,Carport,False,No,1,0,181.43,0.0,128,2,78.8,Beautiful good single family with 2 bedrooms in San Antonio. Spacious living area. Close to schools and shopping.
PROP_0225,2022-09-08,2023-02-23,San Diego,32.760165518566694,-117.2606355363924,Single Family,5,2.5,2143.0,0.5767257189861811,,12.0,Fair,827074.0,Carport,True,Yes,2,2,129.25,75.0,120,4,89.3,"Lovely single family home, well-maintained and move-in ready. Located in San Diego."
PROP_0004,2023-07-18,2023-11-14,New York,40.66972076120774,-73.95654333978575,Townhouse,4,2.5,2073.0,0.13598341552586057,2012.0,13.0,Good,1732287.0,Street,False,No,1,0,405.63,67.0,110,5,71.7,Stunning good property with modern amenities. 4BR/2.5BA in prime New York area. Updated kitchen and appliances.
PROP_0074,2021-07-19,2021-12-05,Houston,29.864399243982984,-95.46986202805729,Single Family,4,2.5,1037.0,0.13215615135466088,1994.0,30.0,Good,512094.0,Street,False,Yes,2,2,,37.0,111,10,40.5,Stunning good property with modern amenities. 4BR/2.5BA in prime Houston area. Updated kitchen and appliances.
PROP_0286,2020-04-08,2020-09-04,Houston,29.810781569558955,-95.58518792447116,Single Family,2,1.0,1192.0,0.6052882416319939,2003.0,21.0,Good,450452.0,Garage,True,Yes,3,2,132.19,27.0,121,3,74.9,Beautiful good single family with 2 bedrooms in Houston. Spacious living area.
PROP_0110,2021-01-26,2021-02-05,Chicago,41.82196331409044,-87.59837962670495,Condo,4,1.0,1434.0,,1957.0,67.0,Good,412810.0,Street,True,Yes,1,1,409.72,46.0,119,5,,Spacious 4 bedroom condo. Perfect for families! Chicago location. Close to schools and shopping.
PROP_0141,2020-07-25,2020-11-28,Dallas,32.91238567742189,-96.8329437274025,Single Family,3,2.0,1835.0,0.6130071982048559,1993.0,32.0,Good,593516.0,Carport,False,No,2,1,682.97,76.0,107,4,70.6,Charming single family featuring 2.0 bathrooms. Great location in Dallas! Close to schools and shopping.
PROP_0288,2022-07-02,2022-12-27,San Antonio,29.53357837116399,-98.509720846857,Single Family,2,3.0,1307.0,0.5731417417413305,1997.0,28.0,Good,544071.0,None,False,Yes,2,0,468.81,20.0,119,4,67.6,Charming single family featuring 3.0 bathrooms. Great location in San Antonio!
PROP_0212,2021-12-30,2022-01-11,Austin,30.218769081941364,-97.77856241829335,Single Family,4,3.5,2423.0,0.10374465238796222,1994.0,30.0,Fair,764145.0,Garage,False,No,2,1,113.93,53.0,116,9,84.9,Charming single family featuring 3.5 bathrooms. Great location in Austin!
PROP_0043,2023-06-21,2023-10-31,Dallas,32.84850985482517,-96.6402405579121,Condo,3,2.5,738.0,,2001.0,24.0,Good,432857.0,Street,False,No,1,0,749.73,99.0,97,9,44.6,Beautiful good condo with 3 bedrooms in Dallas. Spacious living area.
PROP_0018,2022-02-08,2022-06-03,Los Angeles,34.110130343687224,-118.19397082221693,Townhouse,3,2.5,573.0,0.09838983100024559,2008.0,17.0,Fair,431981.0,Carport,True,No,2,1,198.25,12.0,125,4,52.8,Charming townhouse featuring 2.5 bathrooms. Great location in Los Angeles!
PROP_0283,2023-06-04,2023-08-23,Philadelphia,40.01137629852837,-75.15368482009754,Condo,3,3.5,2169.0,,2013.0,11.0,Excellent,697699.0,Street,False,No,1,0,564.88,36.0,116,5,78.1,Beautiful excellent condo with 3 bedrooms in Philadelphia. Spacious living area.
PROP_0077,2021-02-05,2021-08-01,Los Angeles,34.01654679100559,-118.21987037378786,Single Family,4,1.0,1124.0,0.1513626121746497,2008.0,17.0,Good,539089.0,Carport,False,No,2,2,120.23,47.0,122,7,82.1,
PROP_0091,2022-05-28,2022-11-01,Los Angeles,34.1889370254722,-118.14787461738474,Villa,3,1.0,959.0,0.4643578119809586,2000.0,25.0,Good,606894.0,Street,True,Yes,1,3,207.16,27.0,131,3,82.3,Beautiful good villa with 3 bedrooms in Los Angeles. Spacious living area. Updated kitchen and appliances.
PROP_0025,2020-10-03,2020-10-24,Chicago,41.90311904922477,-87.54922647004739,Villa,4,3.0,1648.0,0.8177946756964704,1991.0,34.0,Good,641099.0,Garage,True,No,1,2,296.97,23.0,120,4,62.6,Stunning good property with modern amenities. 4BR/3.0BA in prime Chicago area.
PROP_0058,2021-07-18,2021-12-24,Phoenix,33.44185226462425,-111.99325826389172,Multi Family,3,3.0,606.0,0.06557866064952698,2010.0,14.0,Fair,317954.0,Street,False,No,1,2,47.71,33.0,106,6,,Beautiful fair multi family with 3 bedrooms in Phoenix. Spacious living area. Close to schools and shopping.
PROP_0093,2022-03-02,2022-07-09,Phoenix,33.54891021622996,-112.1247437285908,Condo,2,1.5,2376.0,,2000.0,24.0,Good,564384.0,Garage,False,Yes,2,2,339.64,73.0,115,7,83.7,Charming condo featuring 1.5 bathrooms. Great location in Phoenix!
PROP_0078,2021-12-30,2022-01-23,Chicago,41.821328096522436,-87.65195220966848,Single Family,1,2.5,1672.0,1.0944529667448153,2007.0,17.0,Excellent,555747.0,Carport,False,Yes,1,1,,59.0,131,6,65.6,Beautiful excellent single family with 1 bedrooms in Chicago. Spacious living area. Updated kitchen and appliances. Close to schools and shopping.
PROP_0255,2020-12-11,2021-03-01,Dallas,32.759139869928894,-96.87296188410483,Single Family,2,3.0,772.0,0.7836674670521859,2014.0,10.0,Good,442355.0,Carport,False,No,1,0,,48.0,118,4,,Beautiful good single family with 2 bedrooms in Dallas. Spacious living area. Updated kitchen and appliances.
PROP_0117,2022-11-17,2023-05-08,Austin,30.304359383048652,-97.75493979005462,Townhouse,3,2.5,899.0,0.09673330929292767,1976.0,48.0,Good,310443.0,Garage,True,No,2,0,119.84,75.0,116,4,98.8,"Lovely townhouse home, well-maintained and move-in ready. Located in Austin."
PROP_0008,2020-05-01,2020-06-12,Houston,29.836825219860902,-95.36872018351903,Single Family,3,3.0,2077.0,1.9701281193849165,1991.0,34.0,Fair,671409.0,Garage,False,No,1,1,,45.0,125,7,,Stunning fair property with modern amenities. 3BR/3.0BA in prime Houston area.
PROP_0194,2021-07-17,2021-10-30,Austin,30.423930786663895,-97.70878909170482,Villa,1,4.0,1625.0,0.24735032039201854,1993.0,32.0,Good,553658.0,Garage,False,No,2,0,93.38,32.0,104,7,71.2,Spacious 1 bedroom villa. Perfect for families! Austin location.
PROP_0285,2021-05-24,2021-08-10,San Antonio,29.564554337401088,-98.6541543406641,Single Family,5,3.0,970.0,0.27456198533845855,2008.0,16.0,Fair,484887.0,Street,False,No,1,2,25.81,92.0,113,6,,Beautiful fair single family with 5 bedrooms in San Antonio. Spacious living area.
PROP_0079,2020-06-10,2020-08-18,Phoenix,33.36553419636622,-111.9818365281646,Condo,2,2.0,1688.0,,2012.0,13.0,Excellent,488474.0,Street,False,No,2,1,528.68,30.0,123,9,45.3,Spacious 2 bedroom condo. Perfect for families! Phoenix location.
PROP_0296,2021-02-01,2021-03-06,San Diego,32.50354440586111,-117.1318006472548,Condo,3,2.0,1599.0,,2005.0,20.0,Good,514444.0,Garage,True,No,2,1,249.47,96.0,102,7,73.5,"Lovely condo home, well-maintained and move-in ready. Located in San Diego."
PROP_0238,2021-02-06,2021-06-03,Austin,30.27737640729876,-97.77050318142479,Villa,3,1.0,2155.0,1.015821495655212,2003.0,22.0,Good,687601.0,Street,True,Yes,1,2,331.41,54.0,130,4,85.2,"Lovely villa home, well-maintained and move-in ready. Located in Austin. Updated kitchen and appliances."
PROP_0224,2020-07-16,2020-11-17,Houston,29.611722921729967,-95.3381573926951,Condo,3,2.5,1408.0,,2020.0,4.0,Good,448476.0,Garage,False,Yes,1,2,371.56,40.0,107,6,,Charming condo featuring 2.5 bathrooms. Great location in Houston! Close to schools and shopping.
PROP_0292,2023-04-01,2023-08-20,Chicago,41.81571298039899,-87.68347385402416,Townhouse,5,2.5,1172.0,0.35908669567376256,,34.0,Good,522714.0,Garage,True,No,1,1,437.53,21.0,121,4,,"Lovely townhouse home, well-maintained and move-in ready. Located in Chicago. Close to schools and shopping."
PROP_0064,2023-12-22,2024-02-07,Austin,30.199953215062948,-97.8086109767191,Single Family,4,2.0,3573.0,0.05,2007.0,17.0,Good,883264.0,Garage,False,No,2,1,87.48,48.0,126,2,58.7,Charming single family featuring 2.0 bathrooms. Great location in Austin! Updated kitchen and appliances.
PROP_0083,2022-03-26,2022-07-23,San Diego,32.972837235968875,-117.14619946330997,Condo,3,2.5,618.0,,2015.0,10.0,Excellent,391521.0,Garage,True,No,2,1,368.25,51.0,124,6,69.9,Beautiful excellent condo with 3 bedrooms in San Diego. Spacious living area.
PROP_0193,2021-03-17,2021-09-08,Los Angeles,33.99801008756114,-118.17981089540633,Single Family,3,2.0,1257.0,1.0328887029168925,2019.0,6.0,Good,642373.0,None,True,No,2,0,,66.0,130,9,62.3,Beautiful good single family with 3 bedrooms in Los Angeles. Spacious living area. Close to schools and shopping.
PROP_0239,2023-10-01,2023-10-18,Philadelphia,39.97365679776286,-75.07717037507467,Condo,3,1.0,1233.0,,1979.0,45.0,Fair,387627.0,Garage,True,Yes,1,0,570.55,100.0,111,1,94.2,"Lovely condo home, well-maintained and move-in ready. Located in Philadelphia."
PROP_0222,2020-10-06,2020-12-24,New York,40.69663742545375,-74.14012746710183,Condo,5,3.5,1146.0,,1965.0,60.0,Good,629544.0,Garage,True,Yes,2,3,279.28,31.0,115,7,68.2,Charming condo featuring 3.5 bathrooms. Great location in New York!
PROP_0105,2023-02-26,2023-04-24,Philadelphia,39.982330697884976,-75.1029200168536,Single Family,3,1.5,1975.0,0.3611769343438172,1995.0,29.0,Good,597167.0,Street,True,No,1,2,418.17,33.0,124,9,68.0,Stunning good property with modern amenities. 3BR/1.5BA in prime Philadelphia area.
PROP_0241,2023-03-17,2023-06-28,Chicago,41.915295990075855,-87.64699316903645,Condo,4,3.0,874.0,,,6.0,Excellent,495164.0,None,False,Yes,1,2,254.17,59.0,122,7,76.6,Beautiful excellent condo with 4 bedrooms in Chicago. Spacious living area.
PROP_0197,2023-11-11,2024-01-19,Phoenix,33.349281969039,-112.05855927230382,Townhouse,2,3.0,1199.0,0.4624490634495633,2011.0,14.0,Good,367153.0,Carport,True,No,2,2,397.73,81.0,119,2,,Beautiful good townhouse with 2 bedrooms in Phoenix. Spacious living area. Updated kitchen and appliances.
PROP_0231,2020-07-05,2020-10-16,Austin,30.361184810352967,-97.65849864553287,Single Family,5,1.5,2388.0,0.3746251824822019,1980.0,44.0,Fair,742521.0,Street,True,Yes,2,1,,60.0,116,6,94.9,"Lovely single family home, well-maintained and move-in ready. Located in Austin."
PROP_0272,2023-02-28,2023-04-30,Houston,29.671013235049518,-95.38375054754866,Condo,3,2.0,2543.0,,1977.0,48.0,Good,503457.0,Garage,False,No,1,2,353.09,73.0,131,4,65.5,Beautiful good condo with 3 bedrooms in Houston. Spacious living area. Updated kitchen and appliances.
PROP_0214,2020-09-03,2021-02-08,Dallas,32.893048545803126,-96.88993321941022,Condo,2,2.5,1689.0,,1967.0,58.0,Excellent,472325.0,Garage,True,Yes,3,1,261.28,26.0,126,5,79.4,Spacious 2 bedroom condo. Perfect for families! Dallas location.
PROP_0245,2021-07-04,2021-10-29,Austin,30.482788490882445,-97.62587607532416,Single Family,5,2.0,868.0,0.05,2007.0,18.0,Excellent,540885.0,Garage,False,No,1,1,,69.0,120,7,,Charming single family featuring 2.0 bathrooms. Great location in Austin! Updated kitchen and appliances.
PROP_0076,2021-12-03,2022-01-12,Philadelphia,39.89622335578769,-75.52202052993599,Townhouse,5,3.0,1256.0,0.8999116792296719,1982.0,43.0,Excellent,538748.0,Street,False,No,1,2,542.69,2.0,131,6,85.8,Beautiful excellent townhouse with 5 bedrooms in Philadelphia. Spacious living area. Updated kitchen and appliances.
PROP_0180,2023-07-06,2023-07-26,Chicago,41.78749642054978,-87.5323149715304,Single Family,2,1.5,1463.0,0.3954074898154196,1999.0,26.0,Good,443458.0,Street,True,Yes,1,2,166.18,40.0,117,7,69.2,Beautiful good single family with 2 bedrooms in Chicago. Spacious living area.
PROP_0060,2023-09-25,2023-10-16,Austin,30.22285201075147,-97.73483440405549,Multi Family,3,2.0,625.0,0.6000635398998869,2016.0,9.0,Good,1448199.0,Street,False,No,2,2,54.17,11.0,111,8,78.5,Charming multi family featuring 2.0 bathrooms. Great location in Austin! Updated kitchen and appliances.
PROP_0094,2020-08-04,2021-01-05,Austin,30.23426690016802,-97.75278260373933,Single Family,1,2.0,1098.0,0.7383190131276818,1998.0,26.0,Excellent,428360.0,None,True,Yes,2,0,325.75,11.0,132,6,34.4,Charming single family featuring 2.0 bathrooms. Great location in Austin!
PROP_0007,2022-11-10,2023-04-21,Houston,29.73905273630927,-95.35594920376116,Single Family,2,1.5,1749.0,0.6674508851197245,2004.0,20.0,Good,497150.0,Street,False,Yes,2,1,154.69,40.0,120,3,89.2,Charming single family featuring 1.5 bathrooms. Great location in Houston! Close to schools and shopping.
PROP_0181,2023-10-14,2023-11-11,Dallas,32.75315432777953,-96.7867871079129,Villa,2,1.0,1297.0,0.5147459499555871,1992.0,32.0,Excellent,433740.0,Garage,False,No,1,2,34.13,9.0,124,7,74.9,Spacious 2 bedroom villa. Perfect for families! Dallas location.
PROP_0031,2022-01-17,2022-04-30,Philadelphia,39.86441211049559,-75.11393950276238,Townhouse,2,2.5,634.0,1.163422960366686,2012.0,13.0,Good,969818.0,Street,False,No,1,1,81.95,49.0,117,4,68.3,Beautiful good townhouse with 2 bedrooms in Philadelphia. Spacious living area.
PROP_0023,2023-04-30,2023-06-08,San Antonio,29.59502924947296,-98.41110998138713,Single Family,2,2.0,1238.0,1.4511906153973384,2003.0,21.0,Good,509928.0,Street,False,Yes,2,2,,11.0,127,7,62.7,Beautiful good single family with 2 bedrooms in San Antonio. Spacious living area. Updated kitchen and appliances.
PROP_0261,2023-08-20,2023-12-13,Houston,29.855629346103722,-95.07517871733367,Multi Family,5,1.0,1820.0,1.1197771728998263,1996.0,29.0,Fair,494483.0,None,True,No,3,2,296.58,74.0,111,5,87.0,Spacious 5 bedroom multi family. Perfect for families! Houston location.
PROP_0057,2023-10-01,2024-02-09,San Diego,32.82087834670159,-117.18583677508602,Villa,1,1.5,1831.0,0.5688337645452477,,17.0,Good,581231.0,Carport,True,Yes,2,2,122.11,60.0,107,4,60.4,"Lovely villa home, well-maintained and move-in ready. Located in San Diego."
PROP_0248,2021-10-02,2022-01-26,New York,40.886021525248566,-73.8984917178964,Single Family,1,2.0,747.0,0.07292879543255591,1991.0,34.0,Excellent,484369.0,Carport,True,Yes,2,0,86.41,36.0,116,5,94.5,Spacious 1 bedroom single family. Perfect for families! New York location. Updated kitchen and appliances. Close to schools and shopping.
PROP_0115,2022-10-14,2023-01-25,Phoenix,33.41607347107039,-111.95969340971101,Single Family,5,2.5,1385.0,1.3327176341143814,,25.0,Good,570219.0,Street,False,No,1,3,,33.0,122,6,79.7,"Lovely single family home, well-maintained and move-in ready. Located in Phoenix. Close to schools and shopping."
PROP_0133,2022-10-25,2023-02-23,Los Angeles,34.18065330339339,-118.17479637967851,Single Family,4,1.0,1131.0,1.1889091854146179,1942.0,82.0,Good,537170.0,Street,False,No,2,1,323.62,51.0,120,6,65.0,"Lovely single family home, well-maintained and move-in ready. Located in Los Angeles."
PROP_0241,2023-03-17,2023-06-28,Chicago,41.915295990075855,-87.64699316903645,Condo,4,3.0,874.0,,,6.0,Excellent,495164.0,None,False,Yes,1,2,254.17,59.0,122,7,76.6,Beautiful excellent condo with 4 bedrooms in Chicago. Spacious living area.
PROP_0205,2020-08-07,2020-08-23,Phoenix,33.65044019636821,-112.14798742764634,Condo,2,1.5,909.0,,1996.0,29.0,Good,373088.0,Street,False,No,2,0,384.74,56.0,107,5,94.6,Charming condo featuring 1.5 bathrooms. Great location in Phoenix!
PROP_0276,2023-02-17,2023-08-07,Philadelphia,39.86520496545086,-75.32782177145887,Condo,4,2.5,2175.0,,2022.0,3.0,Good,577195.0,Street,False,Yes,1,2,363.86,66.0,122,7,76.2,"Lovely condo home, well-maintained and move-in ready. Located in Philadelphia."
PROP_0166,2022-03-06,2022-06-18,Phoenix,33.56221707401378,-112.10715866242631,Condo,4,4.0,1809.0,,1989.0,36.0,Good,616256.0,Garage,True,Yes,2,0,471.34,72.0,143,6,72.0,Stunning good property with modern amenities. 4BR/4.0BA in prime Phoenix area. Updated kitchen and appliances.
PROP_0221,2020-10-20,2021-02-15,San Diego,32.65070267881365,-117.06737763784652,Condo,4,1.5,1450.0,,1976.0,48.0,Good,560166.0,Garage,False,No,2,2,494.46,25.0,114,7,72.1,Stunning good property with modern amenities. 4BR/1.5BA in prime San Diego area.
PROP_0085,2021-03-31,2021-07-05,Phoenix,33.46272154524975,-111.97617070178838,Villa,3,4.0,1570.0,1.4230221316560379,1995.0,30.0,Fair,621314.0,Garage,False,No,2,0,374.39,8.0,114,3,59.2,"Lovely villa home, well-maintained and move-in ready. Located in Phoenix."
PROP_0067,2020-02-04,2020-03-05,Dallas,32.78768529469547,-96.68403505150276,Condo,3,2.0,1328.0,,2013.0,12.0,Fair,383504.0,Street,False,No,2,1,549.22,52.0,107,1,61.5,Stunning fair property with modern amenities. 3BR/2.0BA in prime Dallas area.
PROP_0114,2020-08-18,2020-10-08,Phoenix,33.72447619357262,-112.09556855269012,Single Family,2,3.0,1229.0,0.05,1992.0,33.0,Poor,364425.0,Garage,False,No,2,2,238.92,20.0,115,1,84.9,Spacious 2 bedroom single family. Perfect for families! Phoenix location. Updated kitchen and appliances. Close to schools and shopping.
PROP_0169,2023-09-16,2023-10-13,San Diego,32.767227285298674,-117.0416818037449,Townhouse,3,3.0,2289.0,0.24712519943489825,1996.0,28.0,Good,580779.0,Street,False,No,1,2,135.42,45.0,121,5,78.5,"Lovely townhouse home, well-maintained and move-in ready. Located in San Diego."
PROP_0147,2021-07-17,2021-09-07,Chicago,42.0225173078549,-87.82025120718652,Townhouse,2,3.0,1216.0,0.3724970816756022,1991.0,33.0,Excellent,379070.0,Garage,False,No,2,3,418.71,0.0,119,3,85.0,"Lovely townhouse home, well-maintained and move-in ready. Located in Chicago. Updated kitchen and appliances."
PROP_0020,2023-12-08,2024-01-29,Houston,29.71615676250887,-95.3239289828441,Single Family,2,2.0,1130.0,0.2554683959018411,2002.0,23.0,Fair,321478.0,Street,False,Yes,2,1,344.98,90.0,127,5,82.1,Spacious 2 bedroom single family. Perfect for families! Houston location.
PROP_0145,2022-01-12,2022-05-22,Phoenix,33.55028869952225,-112.07901191756753,Condo,4,3.0,1079.0,,2014.0,11.0,Fair,420129.0,Carport,True,No,3,0,310.92,73.0,128,8,54.8,Beautiful fair condo with 4 bedrooms in Phoenix. Spacious living area. Updated kitchen and appliances.
PROP_0080,2020-07-20,2020-08-01,Dallas,32.78306332403685,-96.7018485937057,Single Family,2,4.0,1198.0,1.0886807897968762,2001.0,24.0,Good,482453.0,Garage,False,Yes,3,2,183.45,42.0,109,5,77.8,"Lovely single family home, well-maintained and move-in ready. Located in Dallas."
PROP_0256,2021-09-15,2021-09-28,Houston,29.719168688126516,-95.51099609765443,Single Family,1,1.5,1222.0,0.3901688834997462,2008.0,16.0,Good,433713.0,Garage,True,Yes,2,0,126.59,21.0,141,6,77.9,"Lovely single family home, well-maintained and move-in ready. Located in Houston."
PROP_0125,2021-02-10,2021-07-11,New York,40.7502585109451,-74.11088283340817,Townhouse,2,2.5,1162.0,0.43977692798827966,1989.0,35.0,Good,484017.0,Carport,False,Yes,1,2,65.22,47.0,118,10,68.5,Charming townhouse featuring 2.5 bathrooms. Great location in New York!
PROP_0073,2023-11-14,2024-01-17,Phoenix,33.478710566610054,-111.95734991700749,Multi Family,4,2.0,2242.0,1.3440354324960402,2000.0,24.0,Excellent,528249.0,Garage,False,Yes,1,1,105.05,54.0,124,5,71.9,"Lovely multi family home, well-maintained and move-in ready. Located in Phoenix. Updated kitchen and appliances. Close to schools and shopping."
PROP_0016,2020-05-10,2020-08-19,San Antonio,29.492496163747443,-98.50805240853539,Villa,2,2.5,1421.0,0.13279384876482012,1994.0,30.0,Fair,382884.0,Garage,False,Yes,2,1,90.09,18.0,115,3,68.1,Stunning fair property with modern amenities. 2BR/2.5BA in prime San Antonio area. Updated kitchen and appliances.
PROP_0011,2020-11-26,2020-12-08,Philadelphia,40.15230081568429,-74.9668007872315,Townhouse,3,2.5,1226.0,0.05957944565654614,1974.0,50.0,Excellent,363972.0,Garage,True,Yes,1,3,146.53,66.0,107,4,85.7,Spacious 3 bedroom townhouse. Perfect for families! Philadelphia location.
PROP_0165,2021-10-07,2021-11-19,New York,40.70309004325967,-74.00056811135458,Single Family,4,2.5,971.0,0.26123479169712294,2016.0,9.0,Good,691302.0,Garage,True,Yes,1,2,108.86,93.0,123,7,89.4,Spacious 4 bedroom single family. Perfect for families! New York location. Close to schools and shopping.
PROP_0250,2020-05-30,2020-10-22,Philadelphia,39.917257325626395,-75.36786621297433,Multi Family,2,2.0,1422.0,0.1816550450873392,1992.0,33.0,Fair,444919.0,Street,False,Yes,2,2,494.52,8.0,116,5,60.4,"Lovely multi family home, well-maintained and move-in ready. Located in Philadelphia. Close to schools and shopping."
PROP_0098,2021-05-07,2021-06-29,New York,40.72944151487629,-74.10359798082916,Single Family,3,3.0,3484.0,0.8091018979745538,1998.0,27.0,Good,915699.0,Garage,True,No,2,2,317.65,40.0,127,9,87.2,Spacious 3 bedroom single family. Perfect for families! New York location. Close to schools and shopping.
PROP_0069,2023-01-09,2023-03-04,Philadelphia,39.865513535235365,-75.326396117965,Townhouse,1,1.0,2122.0,0.8532465868420774,2004.0,21.0,Good,476032.0,Street,True,No,1,1,4.48,84.0,141,3,51.1,Beautiful good townhouse with 1 bedrooms in Philadelphia. Spacious living area.
PROP_0234,2023-10-04,2024-03-08,San Antonio,29.542441424953918,-98.55967072482571,Single Family,4,4.0,2112.0,0.1747459531901108,1993.0,31.0,Good,1791642.0,Garage,False,No,1,1,,45.0,103,6,,Spacious 4 bedroom single family. Perfect for families! San Antonio location.
PROP_0038,2020-07-08,2020-10-19,Phoenix,33.22391970922927,-112.0064191269956,Single Family,2,2.0,4450.0,1.0749633099106464,1982.0,43.0,Fair,853531.0,Carport,False,No,2,0,160.81,63.0,115,7,76.9,Spacious 2 bedroom single family. Perfect for families! Phoenix location.
PROP_0017,2023-08-25,2023-09-26,Chicago,41.94491009517567,-87.64872076594958,Multi Family,3,1.5,866.0,0.6039713466341122,,42.0,Fair,431970.0,Garage,False,Yes,1,2,101.71,19.0,132,3,66.4,"Lovely multi family home, well-maintained and move-in ready. Located in Chicago."
PROP_0127,2020-04-08,2020-08-10,San Diego,32.611108733114285,-117.33915566832106,Condo,1,2.0,904.0,,1994.0,31.0,Good,384089.0,Street,False,Yes,1,2,337.4,2.0,131,9,92.9,Charming condo featuring 2.0 bathrooms. Great location in San Diego!
PROP_0153,2022-01-18,2022-02-13,Los Angeles,34.116290384940925,-118.26089133710718,Villa,4,2.0,1776.0,0.26260168032317105,1964.0,60.0,Poor,674067.0,Garage,False,No,2,2,73.43,30.0,133,7,67.7,Stunning poor property with modern amenities. 4BR/2.0BA in prime Los Angeles area.
PROP_0290,2020-12-03,2021-05-24,San Antonio,29.3919376863954,-98.53870050301299,Multi Family,3,3.0,1122.0,0.22657133136311708,2014.0,11.0,Good,342175.0,Garage,False,No,1,2,76.92,19.0,114,5,80.2,Stunning good property with modern amenities. 3BR/3.0BA in prime San Antonio area.
PROP_0068,2020-07-24,2020-11-04,Houston,29.70256860770727,-95.46085578447399,Townhouse,4,2.0,721.0,0.3828849116890998,2020.0,5.0,Good,315196.0,Garage,False,No,2,1,62.75,84.0,122,4,93.2,Spacious 4 bedroom townhouse. Perfect for families! Houston location. Close to schools and shopping.
PROP_0109,2021-08-15,2021-11-30,Philadelphia,39.94570193396542,-75.42302154296625,Condo,3,1.5,1229.0,,2000.0,25.0,Excellent,397711.0,Garage,False,No,1,3,347.11,52.0,110,8,79.9,Beautiful excellent condo with 3 bedrooms in Philadelphia. Spacious living area.
PROP_0070,2023-11-12,2024-04-17,New York,40.84777046273107,-74.03896173418065,Condo,3,2.0,2046.0,,2002.0,23.0,Good,692642.0,Garage,False,No,2,2,348.11,49.0,136,6,15.7,Charming condo featuring 2.0 bathrooms. Great location in New York!
PROP_0032,2022-05-06,2022-09-11,Phoenix,33.44712558495116,-111.96856047841509,Villa,4,1.5,704.0,1.1914939951807575,1994.0,30.0,Fair,465525.0,Garage,True,Yes,1,2,40.55,36.0,115,5,,"Lovely villa home, well-maintained and move-in ready. Located in Phoenix."
PROP_0182,2021-12-10,2022-03-04,San Antonio,29.47920677454759,-98.4897122392077,Condo,3,2.0,2289.0,,1999.0,25.0,Good,539280.0,Garage,True,No,2,3,294.74,95.0,116,8,35.8,Spacious 3 bedroom condo. Perfect for families! San Antonio location.
PROP_0156,2022-11-25,2023-05-02,Los Angeles,33.97159696803294,-118.26377918660408,Condo,3,1.0,1455.0,,2000.0,25.0,Good,639294.0,Garage,True,Yes,1,2,346.25,42.0,127,4,82.9,"Lovely condo home, well-maintained and move-in ready. Located in Los Angeles. Close to schools and shopping."
PROP_0235,2021-10-21,2022-03-25,Chicago,41.98041412046872,-87.62064142613063,Single Family,2,1.5,566.0,0.23546085409500306,2018.0,6.0,Excellent,289606.0,Garage,False,Yes,2,2,401.99,11.0,141,8,70.8,
PROP_0299,2023-11-16,2024-02-11,Houston,29.72095781529215,-95.41252856256077,Single Family,3,2.0,3220.0,0.29034483477366685,1958.0,67.0,Excellent,668442.0,Garage,True,Yes,1,2,29.37,12.0,121,7,93.5,"Lovely single family home, well-maintained and move-in ready. Located in Houston."
PROP_0019,2020-12-09,2021-02-12,Austin,30.34348472907981,-97.6793033300979,Condo,2,1.0,1284.0,,2008.0,16.0,Good,368234.0,Garage,False,No,3,2,275.74,41.0,119,5,74.0,Stunning good property with modern amenities. 2BR/1.0BA in prime Austin area.
PROP_0008,2020-05-01,2020-06-12,Houston,29.836825219860902,-95.36872018351903,Single Family,3,3.0,2077.0,1.9701281193849165,1991.0,34.0,Fair,671409.0,Garage,False,No,1,1,,45.0,125,7,,Stunning fair property with modern amenities. 3BR/3.0BA in prime Houston area.
PROP_0097,2021-01-14,2021-04-14,New York,40.67610268011196,-73.95876033571606,Single Family,1,1.5,1624.0,0.47085198422125685,2000.0,25.0,Excellent,586589.0,Garage,True,No,1,2,,69.0,125,6,80.2,Stunning excellent property with modern amenities. 1BR/1.5BA in prime New York area.
PROP_0138,2022-05-20,2022-10-11,New York,40.517551312698934,-74.03394990658,Single Family,1,2.0,1400.0,0.076750623580107,1995.0,29.0,Good,519514.0,Garage,False,Yes,1,2,,54.0,117,7,72.6,Stunning good property with modern amenities. 1BR/2.0BA in prime New York area.
PROP_0293,2022-08-14,2022-09-14,San Diego,32.88727560080062,-117.08391180049647,Condo,2,3.0,1610.0,,2014.0,10.0,Fair,552103.0,Garage,True,Yes,2,2,298.55,19.0,120,4,95.7,Spacious 2 bedroom condo. Perfect for families! San Diego location.
PROP_0087,2022-10-13,2022-12-22,San Diego,32.71700005064951,-117.15494313793747,Condo,3,2.5,1288.0,,1979.0,45.0,Good,461246.0,None,True,Yes,2,1,443.34,16.0,138,6,,Beautiful good condo with 3 bedrooms in San Diego. Spacious living area. Updated kitchen and appliances. Close to schools and shopping.
PROP_0259,2020-01-02,2020-02-27,Dallas,32.91514421116856,-96.7212544250683,Condo,2,1.5,1208.0,,2016.0,9.0,Good,371109.0,Street,True,No,2,2,433.39,49.0,128,8,53.6,Stunning good property with modern amenities. 2BR/1.5BA in prime Dallas area.
PROP_0173,2023-06-02,2023-07-10,Houston,29.777365288947085,-95.37010126031838,Single Family,4,2.5,1659.0,0.15916086882622302,1980.0,45.0,Good,522959.0,Garage,False,Yes,1,0,313.23,119.0,117,4,94.0,Beautiful good single family with 4 bedrooms in Houston. Spacious living area. Updated kitchen and appliances.
PROP_0210,2023-02-27,2023-05-23,Austin,30.21293951582417,-97.65538980212136,Single Family,4,3.0,646.0,0.10528167669539014,2005.0,19.0,Excellent,486019.0,None,False,No,2,0,312.29,17.0,127,4,78.4,Stunning excellent property with modern amenities. 4BR/3.0BA in prime Austin area. Updated kitchen and appliances.
PROP_0260,2022-06-15,2022-09-10,Los Angeles,34.055059677671835,-118.08567674126492,Villa,4,2.0,1290.0,0.23387009461169575,2000.0,25.0,Good,676121.0,None,False,Yes,3,2,92.89,30.0,127,6,78.7,Beautiful good villa with 4 bedrooms in Los Angeles. Spacious living area. Updated kitchen and appliances. Close to schools and shopping.
PROP_0295,2022-03-11,2022-03-20,Houston,29.605953550639352,-95.3194570917398,Single Family,4,1.0,731.0,0.13523932667384034,1967.0,58.0,Good,416537.0,Carport,False,No,1,2,99.87,51.0,106,7,76.9,"Lovely single family home, well-maintained and move-in ready. Located in Houston."
PROP_0140,2021-01-27,2021-03-30,Phoenix,33.429122021276136,-112.08940367159667,Single Family,4,2.5,1388.0,0.550656327590757,2012.0,12.0,Excellent,511846.0,Carport,True,Yes,2,2,,44.0,120,5,66.6,Charming single family featuring 2.5 bathrooms. Great location in Phoenix! Close to schools and shopping.
PROP_0243,2021-05-03,2021-06-06,San Antonio,29.47590669438451,-98.36280133628598,Single Family,1,2.0,2599.0,0.13579492075370206,2007.0,17.0,Good,577621.0,Garage,False,Yes,2,0,,77.0,105,4,98.1,Stunning good property with modern amenities. 1BR/2.0BA in prime San Antonio area.
PROP_0056,2022-02-15,2022-07-20,Philadelphia,39.86107586200036,-75.14058963177098,Condo,2,2.5,1346.0,,1961.0,63.0,Good,406539.0,Carport,False,No,3,1,429.91,37.0,115,3,79.0,Spacious 2 bedroom condo. Perfect for families! Philadelphia location.
PROP_0174,2023-11-09,2024-03-30,San Diego,32.70698911566376,-117.0665590100023,Single Family,2,2.0,1468.0,0.0710448504668837,2013.0,12.0,Good,540212.0,Street,True,Yes,1,1,,54.0,117,4,93.1,Stunning good property with modern amenities. 2BR/2.0BA in prime San Diego area. Updated kitchen and appliances.
PROP_0291,2022-04-01,2022-09-22,Chicago,41.8930177260345,-87.67756801458943,Townhouse,5,1.5,1316.0,0.4677043757363288,1998.0,26.0,Fair,505397.0,Carport,False,Yes,3,1,203.89,70.0,117,5,95.9,Charming townhouse featuring 1.5 bathrooms. Great location in Chicago!
PROP_0195,2023-07-15,2023-07-31,Chicago,41.799890431472754,-87.69130180113399,Single Family,3,2.5,1723.0,0.13807044426388865,2016.0,9.0,Fair,497212.0,Garage,True,No,1,2,238.5,66.0,122,3,84.6,Spacious 3 bedroom single family. Perfect for families! Chicago location.
PROP_0269,2023-01-27,2023-03-25,Dallas,32.94269476027252,-96.66943555173742,Condo,3,1.0,1369.0,,1982.0,42.0,Fair,437672.0,Garage,False,No,1,1,565.06,64.0,129,8,44.9,"Lovely condo home, well-maintained and move-in ready. Located in Dallas."
PROP_0130,2022-08-18,2022-11-22,San Antonio,29.393321438332016,-98.55948984219762,Multi Family,2,1.5,1761.0,0.48784771073214384,2008.0,17.0,Good,439469.0,Street,True,Yes,2,2,270.54,7.0,111,6,69.4,Stunning good property with modern amenities. 2BR/1.5BA in prime San Antonio area.
PROP_0039,2022-08-15,2022-12-13,Houston,29.986119828109313,-95.46316381092629,Single Family,4,1.0,627.0,0.7057488994111906,,59.0,Good,321330.0,Street,True,Yes,2,2,,11.0,113,5,74.6,Beautiful good single family with 4 bedrooms in Houston. Spacious living area.
PROP_0203,2020-01-02,2020-02-04,Philadelphia,40.02779026180327,-75.06751009219629,Multi Family,3,2.5,1674.0,0.0850972185251267,1976.0,49.0,Good,413113.0,Garage,False,No,2,1,97.97,18.0,115,8,63.9,Charming multi family featuring 2.5 bathrooms. Great location in Philadelphia! Updated kitchen and appliances.
PROP_0176,2023-07-30,2023-11-07,Los Angeles,34.03889419153289,-118.13113212156304,Villa,4,2.0,1029.0,0.5998199926569646,1996.0,29.0,Excellent,661353.0,Street,False,No,2,0,108.61,16.0,120,1,88.9,Stunning excellent property with modern amenities. 4BR/2.0BA in prime Los Angeles area.
PROP_0187,2023-06-11,2023-11-14,San Diego,32.82586567139963,-117.15473822400499,Multi Family,2,2.5,1414.0,0.6958868670444748,1967.0,57.0,Good,517088.0,Garage,False,No,2,0,123.77,75.0,102,4,88.0,Charming multi family featuring 2.5 bathrooms. Great location in San Diego!
PROP_0113,2021-01-13,2021-04-21,Phoenix,33.519562265047085,-112.20727444707883,Condo,3,2.0,1787.0,,1960.0,65.0,Fair,504463.0,Garage,True,No,2,3,525.31,89.0,118,7,69.3,Beautiful fair condo with 3 bedrooms in Phoenix. Spacious living area. Close to schools and shopping.
PROP_0257,2022-10-13,2022-11-14,Austin,30.31542718907029,-97.7850899699779,Townhouse,1,2.0,1168.0,0.2844538828957473,1998.0,27.0,Fair,368221.0,Garage,False,No,2,2,161.39,119.0,111,1,,Beautiful fair townhouse with 1 bedrooms in Austin. Spacious living area.
PROP_0118,2020-05-14,2020-07-09,Chicago,41.855599409662965,-87.50904078295697,Condo,2,2.0,1627.0,,2006.0,18.0,Fair,394333.0,Garage,False,No,1,2,377.82,52.0,98,4,85.4,Beautiful fair condo with 2 bedrooms in Chicago. Spacious living area.
PROP_0284,2023-02-09,2023-02-22,Philadelphia,39.8783980258443,-75.29566553958074,Condo,3,2.5,1219.0,,1974.0,50.0,Excellent,445957.0,Street,True,Yes,2,3,401.62,25.0,133,5,91.6,Spacious 3 bedroom condo. Perfect for families! Philadelphia location. Close to schools and shopping.
PROP_0278,2021-08-09,2021-12-13,Dallas,32.63607153714167,-96.85226279949062,Single Family,2,2.5,1065.0,0.21906370951468992,1986.0,39.0,Good,347367.0,Carport,False,Yes,1,2,,15.0,133,7,75.1,Beautiful good single family with 2 bedrooms in Dallas. Spacious living area. Close to schools and shopping.
PROP_0289,2022-05-27,2022-10-19,Dallas,32.93510036055637,-96.56622083050038,Townhouse,3,1.0,1516.0,0.16764440208916218,1989.0,36.0,Good,342011.0,Garage,False,Yes,1,2,180.39,28.0,114,4,,Spacious 3 bedroom townhouse. Perfect for families! Dallas location.
PROP_0184,2021-10-10,2022-02-19,Philadelphia,39.967736947457034,-75.07892030142095,Single Family,4,3.0,1782.0,0.14295251232731807,2000.0,25.0,Excellent,637908.0,Garage,False,No,2,2,49.69,67.0,109,4,93.4,Spacious 4 bedroom single family. Perfect for families! Philadelphia location. Updated kitchen and appliances.
PROP_0186,2023-06-02,2023-08-29,Houston,29.801341341786912,-95.30600267298492,Condo,4,1.5,689.0,,2011.0,14.0,Good,338653.0,Garage,False,Yes,1,0,282.12,39.0,132,7,87.2,
PROP_0003,2022-05-10,2022-06-16,Houston,29.585783844133882,-95.10813000533985,Single Family,3,2.0,1492.0,0.38847091412372675,2012.0,13.0,Fair,531585.0,Garage,False,No,2,1,,66.0,105,8,57.3,Stunning fair property with modern amenities. 3BR/2.0BA in prime Houston area. Close to schools and shopping.
PROP_0116,2020-02-10,2020-04-09,Austin,30.225329515919356,-97.59760721916743,Villa,4,1.5,1024.0,0.9874619295566583,1999.0,25.0,Good,525392.0,Garage,False,No,1,0,281.95,43.0,122,3,78.1,Stunning good property with modern amenities. 4BR/1.5BA in prime Austin area. Updated kitchen and appliances. Close to schools and shopping.
PROP_0149,2020-04-05,2020-08-04,Philadelphia,40.07561613134571,-75.08159389488405,Single Family,4,3.0,612.0,0.17479820752488925,1991.0,33.0,Good,401988.0,Street,False,No,1,0,,21.0,107,2,48.6,Stunning good property with modern amenities. 4BR/3.0BA in prime Philadelphia area.
PROP_0185,2020-11-13,2021-04-26,San Diego,32.77016674443184,-116.95941124558131,Condo,3,1.0,1314.0,,2019.0,5.0,Good,594508.0,None,False,Yes,1,1,413.02,6.0,113,7,35.8,"Lovely condo home, well-maintained and move-in ready. Located in San Diego."
PROP_0121,2022-07-18,2022-11-13,Dallas,32.828687222635,-96.80883234226809,Townhouse,4,3.0,1096.0,0.05,1993.0,32.0,Good,398658.0,Garage,True,No,2,1,54.23,63.0,125,3,67.9,Stunning good property with modern amenities. 4BR/3.0BA in prime Dallas area.
PROP_0220,2022-02-05,2022-04-08,New York,40.67577905771868,-74.00366923991142,Townhouse,4,1.5,1221.0,0.4094502585876818,2000.0,25.0,Fair,606753.0,Garage,False,No,1,1,54.31,96.0,124,5,,Spacious 4 bedroom townhouse. Perfect for families! New York location.
PROP_0266,2022-10-11,2023-03-04,New York,40.645551052686976,-74.23448195723256,Condo,2,2.0,600.0,,1967.0,58.0,Fair,428426.0,Carport,True,No,2,2,234.61,22.0,132,10,,Stunning fair property with modern amenities. 2BR/2.0BA in prime New York area.
PROP_0128,2021-11-14,2022-01-20,Los Angeles,34.12899832696946,-118.0835761772858,Single Family,5,1.0,2624.0,0.8032999201577949,2023.0,2.0,Good,872513.0,Garage,True,No,2,1,436.8,53.0,127,7,86.2,Beautiful good single family with 5 bedrooms in Los Angeles. Spacious living area.
PROP_0075,2023-02-03,2023-04-05,Chicago,42.1210847728654,-87.43482674043987,Villa,2,3.5,2174.0,0.20944863363052285,1988.0,36.0,Excellent,714187.0,Carport,True,No,2,0,672.19,50.0,119,4,50.1,"Lovely villa home, well-maintained and move-in ready. Located in Chicago."
PROP_0030,2020-09-09,2020-09-19,New York,40.83427220596866,-74.09408636444883,Townhouse,2,1.0,1633.0,0.6282897112183777,2005.0,20.0,Good,533533.0,Garage,False,Yes,1,0,85.04,25.0,106,8,89.0,Spacious 2 bedroom townhouse. Perfect for families! New York location.
PROP_0084,2023-07-18,2023-12-12,Los Angeles,34.13345605963631,-118.43176917692746,Townhouse,4,2.0,951.0,0.3365025079344975,,25.0,Fair,574459.0,Garage,True,No,1,1,55.0,23.0,135,4,83.5,Beautiful fair townhouse with 4 bedrooms in Los Angeles. Spacious living area.
PROP_0254,2020-05-23,2020-10-21,Houston,29.71143005254717,-95.06039509843791,Condo,1,3.0,820.0,,2002.0,23.0,Excellent,282067.0,Garage,False,No,1,0,323.46,58.0,134,6,55.3,"Lovely condo home, well-maintained and move-in ready. Located in Houston. Close to schools and shopping."
PROP_0108,2023-03-08,2023-03-17,Phoenix,33.37243606195218,-112.0743350869659,Single Family,4,2.0,852.0,0.13440225375868778,2013.0,11.0,Good,401270.0,Carport,False,Yes,3,2,,67.0,122,5,,Spacious 4 bedroom single family. Perfect for families! Phoenix location. Close to schools and shopping.
PROP_0159,2023-06-20,2023-07-23,Philadelphia,39.998056348229966,-75.09079617293509,Single Family,4,2.0,1434.0,0.9924516293959093,1984.0,40.0,Good,594877.0,Carport,False,Yes,2,1,844.8,54.0,121,3,86.9,"Lovely single family home, well-maintained and move-in ready. Located in Philadelphia."
PROP_0164,2022-10-09,2023-01-06,Chicago,41.902449573880794,-87.53699022233839,Townhouse,4,1.0,1645.0,0.05356783862805882,1981.0,44.0,Good,500657.0,Garage,True,Yes,1,2,38.37,47.0,146,5,34.7,Beautiful good townhouse with 4 bedrooms in Chicago. Spacious living area.
PROP_0134,2023-05-26,2023-07-31,Philadelphia,40.03636974384005,-75.02840146925575,Single Family,4,1.0,3354.0,1.8653945290913183,,27.0,Excellent,878557.0,Street,False,Yes,1,0,,87.0,121,7,96.2,
PROP_0198,2023-02-10,2023-07-25,Phoenix,33.42628026682742,-112.05502791164419,Single Family,4,1.5,1547.0,0.23677016549882637,,16.0,Good,386719.0,Garage,False,Yes,1,0,,4.0,102,5,,Spacious 4 bedroom single family. Perfect for families! Phoenix location.
PROP_0226,2022-01-21,2022-02-15,Philadelphia,40.04167380837749,-75.33697936237616,Condo,2,2.5,1914.0,,2005.0,19.0,Poor,449242.0,Street,False,Yes,2,0,224.47,31.0,124,4,54.1,Charming condo featuring 2.5 bathrooms. Great location in Philadelphia!
PROP_0066,2022-02-14,2022-08-07,Phoenix,33.67606516263988,-112.23693026105542,Single Family,3,1.5,1443.0,0.05,2006.0,18.0,Good,409406.0,Garage,True,Yes,2,3,,30.0,120,6,38.2,Beautiful good single family with 3 bedrooms in Phoenix. Spacious living area. Updated kitchen and appliances. Close to schools and shopping.
PROP_0207,2023-06-02,2023-07-22,Austin,30.380860477170454,-97.78879673235774,Single Family,2,2.5,1797.0,0.45137498193104475,1984.0,41.0,Poor,507073.0,Garage,False,No,2,3,240.79,29.0,113,7,77.5,Stunning poor property with modern amenities. 2BR/2.5BA in prime Austin area.
PROP_0086,2023-06-29,2023-10-09,San Antonio,29.510296508506016,-98.43126005610837,Condo,2,4.0,785.0,,2012.0,13.0,Fair,276835.0,Garage,True,Yes,2,1,362.53,12.0,117,6,61.6,Charming condo featuring 4.0 bathrooms. Great location in San Antonio! Updated kitchen and appliances.
PROP_0223,2022-06-02,2022-11-10,Chicago,41.735487446733075,-87.56918349093885,Single Family,2,2.0,2267.0,0.24786639261788398,1966.0,59.0,Excellent,1333266.0,Garage,False,No,3,1,,33.0,109,6,59.2,Beautiful excellent single family with 2 bedrooms in Chicago. Spacious living area.
PROP_0160,2023-01-14,2023-03-28,New York,40.55366855041241,-73.94233685155872,Single Family,4,1.0,1815.0,0.6780372716340629,2020.0,5.0,Good,738098.0,Garage,False,Yes,1,0,65.37,39.0,119,9,78.6,Beautiful good single family with 4 bedrooms in New York. Spacious living area. Updated kitchen and appliances.
PROP_0013,2023-10-28,2023-11-28,Austin,30.506187827221833,-97.80354144781317,Townhouse,1,1.0,2209.0,0.5923552020716497,1997.0,27.0,Fair,612152.0,Garage,False,No,2,2,58.35,101.0,113,4,95.6,Stunning fair property with modern amenities. 1BR/1.0BA in prime Austin area.
PROP_0036,2021-11-30,2022-01-19,Philadelphia,39.947424101529464,-74.98110569300628,Single Family,2,2.5,892.0,0.9794615927550193,1994.0,30.0,Excellent,481895.0,Garage,True,No,2,0,,2.0,102,7,81.3,Stunning excellent property with modern amenities. 2BR/2.5BA in prime Philadelphia area. Close to schools and shopping.
PROP_0029,2020-01-22,2020-05-22,San Diego,32.4867938743067,-117.01785180825476,Single Family,5,1.0,1352.0,0.27609964726804076,1997.0,27.0,Good,638123.0,Street,True,No,2,1,452.58,35.0,128,3,91.1,Beautiful good single family with 5 bedrooms in San Diego. Spacious living area. Updated kitchen and appliances.
PROP_0171,2023-06-08,2023-08-20,Austin,30.330344629353394,-97.49771578258543,Condo,3,2.5,1543.0,,1999.0,25.0,Fair,376376.0,Garage,True,No,1,0,345.47,57.0,123,5,89.0,"Lovely condo home, well-maintained and move-in ready. Located in Austin. Updated kitchen and appliances."
PROP_0143,2022-06-10,2022-07-18,San Antonio,29.5588855781329,-98.36385938851375,Condo,3,3.0,2617.0,,1985.0,39.0,Good,567581.0,Garage,False,No,2,1,581.99,47.0,120,8,52.7,"Lovely condo home, well-maintained and move-in ready. Located in San Antonio."
PROP_0199,2022-08-09,2023-01-28,Los Angeles,34.17083874122153,-118.26733528339244,Townhouse,4,2.0,2216.0,1.006284092874102,1999.0,26.0,Fair,676968.0,Carport,False,Yes,3,3,105.21,24.0,126,7,54.9,Beautiful fair townhouse with 4 bedrooms in Los Angeles. Spacious living area. Close to schools and shopping.
PROP_0132,2021-10-04,2022-01-06,Austin,30.18033928107344,-97.7386233132905,Condo,3,4.0,1232.0,,2019.0,5.0,Good,522174.0,Garage,False,Yes,3,2,301.9,31.0,122,3,52.2,"Lovely condo home, well-maintained and move-in ready. Located in Austin."
PROP_0177,2021-09-24,2021-09-29,Philadelphia,39.803217035878575,-75.2368056120734,Condo,1,1.5,1663.0,,1980.0,45.0,Poor,340588.0,Garage,False,No,1,2,350.86,99.0,120,7,,Beautiful poor condo with 1 bedrooms in Philadelphia. Spacious living area.
PROP_0052,2021-08-23,2021-12-19,San Antonio,29.300605560646257,-98.6035355824832,Single Family,1,2.0,2936.0,0.6829865289437391,1995.0,30.0,Good,601393.0,Street,False,No,2,2,306.4,59.0,130,10,,Stunning good property with modern amenities. 1BR/2.0BA in prime San Antonio area.
PROP_0096,2020-07-06,2020-09-06,Philadelphia,39.88986894583227,-75.04003485286002,Townhouse,3,2.0,1852.0,0.2704415241880321,2009.0,15.0,Fair,495967.0,Garage,False,Yes,2,1,217.66,43.0,120,4,83.2,Spacious 3 bedroom townhouse. Perfect for families! Philadelphia location. Updated kitchen and appliances.
PROP_0232,2023-09-11,2023-10-21,San Diego,32.68336437877138,-117.15633964481857,Single Family,4,1.5,1001.0,0.49377755059277545,2009.0,16.0,Excellent,597378.0,Carport,False,No,1,3,274.92,28.0,115,9,45.0,"Lovely single family home, well-maintained and move-in ready. Located in San Diego."
PROP_0179,2022-08-30,2022-09-07,Los Angeles,34.10287346624868,-118.26377129483373,Condo,1,1.0,742.0,,2014.0,10.0,Good,346646.0,Garage,False,No,2,0,242.23,58.0,123,1,74.8,Charming condo featuring 1.0 bathrooms. Great location in Los Angeles! Updated kitchen and appliances.
PROP_0230,2023-02-21,2023-07-27,Los Angeles,34.17371550088718,-118.16949154114762,Townhouse,4,4.0,979.0,1.2624618950577469,1965.0,59.0,Good,623812.0,Street,False,No,1,2,273.13,98.0,121,6,85.3,Beautiful good townhouse with 4 bedrooms in Los Angeles. Spacious living area.
PROP_0042,2021-07-16,2021-09-25,Houston,29.893443856326908,-95.16986827937502,Condo,3,2.0,1353.0,,1994.0,31.0,Fair,303388.0,Carport,True,Yes,2,1,323.13,64.0,122,9,73.9,Beautiful fair condo with 3 bedrooms in Houston. Spacious living area. Updated kitchen and appliances.
PROP_0090,2020-12-03,2021-01-27,New York,40.78168382470328,-73.95932174497351,Single Family,5,1.0,1066.0,0.799792178691118,2001.0,23.0,Excellent,735246.0,Carport,True,No,2,1,,19.0,122,6,48.3,Stunning excellent property with modern amenities. 5BR/1.0BA in prime New York area.
PROP_0227,2020-05-23,2020-11-07,Austin,30.296845893399855,-97.7471857933596,Condo,4,1.0,663.0,,2005.0,19.0,Good,427108.0,Carport,False,No,2,2,459.51,42.0,96,3,64.8,Spacious 4 bedroom condo. Perfect for families! Austin location. Updated kitchen and appliances.
PROP_0137,2021-02-01,2021-06-22,Los Angeles,34.06254777653132,-118.29714066860234,Condo,2,1.5,867.0,,2017.0,8.0,Good,433256.0,Street,False,No,2,2,357.99,56.0,132,2,73.7,Beautiful good condo with 2 bedrooms in Los Angeles. Spacious living area.
PROP_0027,2021-04-04,2021-09-13,New York,40.526709011914534,-73.90630599317215,Single Family,4,2.5,2397.0,0.3265253650042198,2008.0,17.0,Good,792611.0,Garage,True,No,2,1,152.32,34.0,112,6,78.9,Beautiful good single family with 4 bedrooms in New York. Spacious living area. Updated kitchen and appliances.
PROP_0300,2023-03-04,2023-07-22,Houston,29.688320958106356,-95.32141076827581,Villa,6,2.0,1691.0,1.0810853168455052,2001.0,24.0,Good,652575.0,Garage,False,Yes,1,1,82.46,46.0,117,3,79.8,Charming villa featuring 2.0 bathrooms. Great location in Houston! Close to schools and shopping.
PROP_0142,2022-11-04,2022-11-09,New York,40.848463338218345,-74.2772490491848,Single Family,2,2.5,1168.0,0.628067724502932,1933.0,92.0,Good,532481.0,Garage,True,Yes,2,1,107.28,70.0,128,6,67.9,"Lovely single family home, well-maintained and move-in ready. Located in New York."
PROP_0209,2023-11-27,2024-01-05,New York,40.72169522726097,-73.88940862846286,Single Family,1,1.0,1499.0,0.26730787391183564,1994.0,30.0,Excellent,597651.0,Carport,False,No,3,2,,6.0,134,7,81.4,Charming single family featuring 1.0 bathrooms. Great location in New York! Updated kitchen and appliances.
PROP_0001,2023-01-31,2023-06-29,New York,40.892316455663895,-74.01345076465311,Single Family,2,1.5,1038.0,0.31355151686015986,1984.0,40.0,Excellent,522919.0,Carport,False,No,1,2,,51.0,120,7,75.3,"Lovely single family home, well-maintained and move-in ready. Located in New York. Close to schools and shopping."
PROP_0275,2020-02-23,2020-04-09,San Diego,32.74252168082777,-117.23246165557408,Single Family,2,2.0,694.0,0.06058551478060242,2003.0,22.0,Fair,370896.0,Garage,False,No,2,2,407.84,81.0,130,8,59.4,Spacious 2 bedroom single family. Perfect for families! San Diego location.
PROP_0279,2023-12-14,2024-04-29,New York,40.756114476923194,-74.03595091381722,Townhouse,4,1.5,1351.0,0.08321620748369062,1984.0,41.0,Good,427296.0,Carport,False,No,1,2,394.57,44.0,112,8,59.5,
PROP_0101,2020-01-15,2020-02-03,Chicago,42.04824292435262,-87.62103005171383,Villa,2,4.0,828.0,0.3466134608050189,2013.0,12.0,Good,416792.0,Street,True,Yes,2,2,29.67,37.0,103,5,57.0,Charming villa featuring 4.0 bathrooms. Great location in Chicago!
PROP_0268,2023-06-10,2023-10-15,Austin,30.219569935903117,-97.60426872985661,Single Family,1,2.0,1542.0,0.29131273286323617,2010.0,15.0,Good,458144.0,None,True,Yes,2,1,,71.0,110,5,80.0,Spacious 1 bedroom single family. Perfect for families! Austin location. Close to schools and shopping.
PROP_0104,2023-09-29,2023-10-11,San Antonio,29.31965052536001,-98.51583947198878,Multi Family,4,2.0,1746.0,0.48036502408690995,2001.0,23.0,Good,1185853.0,Garage,True,Yes,1,2,208.75,44.0,115,10,67.6,Stunning good property with modern amenities. 4BR/2.0BA in prime San Antonio area.
PROP_0172,2020-07-08,2020-10-20,New York,40.72366688310674,-74.17687676391796,Single Family,3,2.0,3043.0,0.3817485772327535,2014.0,10.0,Good,917968.0,Garage,False,No,2,2,352.51,96.0,120,5,62.5,Spacious 3 bedroom single family. Perfect for families! New York location. Close to schools and shopping.
PROP_0099,2022-11-30,2023-05-23,Los Angeles,34.05021102705092,-118.21033564685494,Townhouse,3,1.0,1981.0,2.649230941680748,1963.0,61.0,Excellent,762452.0,Garage,False,No,2,0,100.14,81.0,101,7,,Spacious 3 bedroom townhouse. Perfect for families! Los Angeles location. Close to schools and shopping.
PROP_0037,2022-09-02,2022-12-10,Phoenix,33.40777252706102,-112.04794710129259,Multi Family,5,2.0,1396.0,0.23732149624281687,1996.0,29.0,Good,431402.0,Garage,False,Yes,1,1,111.64,27.0,114,1,82.4,Charming multi family featuring 2.0 bathrooms. Great location in Phoenix!
PROP_0062,2023-10-22,2024-04-04,Austin,30.147772957315425,-97.71538184206412,Single Family,5,1.5,2559.0,0.45969173111945105,2012.0,12.0,Fair,805480.0,Garage,False,Yes,1,1,,32.0,115,1,70.4,Spacious 5 bedroom single family. Perfect for families! Austin location. Updated kitchen and appliances.
PROP_0151,2023-12-01,2023-12-21,Philadelphia,39.930789610162606,-75.06561424712815,Condo,3,1.5,1809.0,,1997.0,28.0,Good,605855.0,Carport,True,No,2,1,472.72,32.0,102,4,87.0,Charming condo featuring 1.5 bathrooms. Great location in Philadelphia!
PROP_0247,2022-05-21,2022-08-17,Dallas,32.945264830141916,-96.84302954441938,Multi Family,1,2.0,936.0,1.0053310665451158,2016.0,8.0,Excellent,322452.0,None,True,No,2,1,426.53,41.0,127,7,95.9,"Lovely multi family home, well-maintained and move-in ready. Located in Dallas."
PROP_0211,2022-12-12,2023-03-16,Dallas,32.82307238573904,-96.73921831091188,Single Family,4,1.0,1089.0,0.4818233179057985,1981.0,44.0,Fair,405506.0,Street,False,No,1,2,86.04,8.0,119,3,87.6,Spacious 4 bedroom single family. Perfect for families! Dallas location.
PROP_0287,2020-06-01,2020-06-12,San Diego,32.78642116830124,-117.06407011127399,Single Family,4,2.5,1444.0,0.05,1997.0,28.0,Fair,612022.0,Garage,False,No,2,1,,9.0,127,8,76.9,Charming single family featuring 2.5 bathrooms. Great location in San Diego! Updated kitchen and appliances. Close to schools and shopping.
PROP_0012,2020-03-28,2020-04-28,San Antonio,29.486761606753298,-98.5948618070913,Single Family,2,1.5,695.0,1.0481772839314385,1956.0,69.0,Excellent,354782.0,Street,False,Yes,2,0,77.6,22.0,109,7,84.1,"Lovely single family home, well-maintained and move-in ready. Located in San Antonio. Close to schools and shopping."
PROP_0203,2020-01-02,2020-02-04,Philadelphia,40.02779026180327,-75.06751009219629,Multi Family,3,2.5,1674.0,0.0850972185251267,1976.0,49.0,Good,413113.0,Garage,False,No,2,1,97.97,18.0,115,8,63.9,Charming multi family featuring 2.5 bathrooms. Great location in Philadelphia! Updated kitchen and appliances.
PROP_0201,2021-11-29,2022-01-15,Philadelphia,40.02964252171166,-75.0975229729283,Single Family,2,2.5,578.0,0.15489364246327852,1983.0,41.0,Fair,1558098.0,Garage,False,No,2,0,,62.0,141,4,83.7,Charming single family featuring 2.5 bathrooms. Great location in Philadelphia! Updated kitchen and appliances.
PROP_0274,2020-05-31,2020-09-21,Los Angeles,34.2333692056119,-118.15522735782459,Condo,1,1.5,1153.0,,2005.0,19.0,Fair,459730.0,Carport,False,No,2,2,330.54,48.0,120,6,68.9,Charming condo featuring 1.5 bathrooms. Great location in Los Angeles! Updated kitchen and appliances.
PROP_0028,2023-08-30,2023-10-19,Dallas,32.84538317905426,-97.03095930025148,Single Family,3,2.5,1407.0,0.2772522469216164,1983.0,41.0,Excellent,413565.0,Carport,False,Yes,2,1,,37.0,131,3,75.1,
PROP_0229,2023-05-09,2023-08-22,San Diego,32.621997799560006,-116.99921979749794,Condo,3,2.5,865.0,,2005.0,19.0,Excellent,465999.0,Garage,True,No,1,2,407.68,42.0,114,4,87.6,Charming condo featuring 2.5 bathrooms. Great location in San Diego! Updated kitchen and appliances.
PROP_0005,2023-02-04,2023-06-07,San Antonio,29.488158200694915,-98.57507841279903,Villa,3,2.0,1660.0,0.7885785002960445,1995.0,29.0,Fair,629154.0,None,False,No,1,2,457.19,94.0,132,8,49.2,Charming villa featuring 2.0 bathrooms. Great location in San Antonio!
PROP_0123,2022-12-07,2023-03-27,Chicago,41.907876025091845,-87.80175410067123,Townhouse,3,1.5,1533.0,1.4717493969687383,1995.0,29.0,Fair,2447175.0,Garage,True,Yes,3,0,315.86,95.0,114,1,67.4,Beautiful fair townhouse with 3 bedrooms in Chicago. Spacious living area. Close to schools and shopping.
PROP_0033,2021-04-19,2021-05-30,Philadelphia,40.000558092443306,-75.00689692060435,Condo,5,1.5,807.0,,2002.0,23.0,Fair,318313.0,Street,False,Yes,3,2,743.01,3.0,126,8,69.1,Stunning fair property with modern amenities. 5BR/1.5BA in prime Philadelphia area. Updated kitchen and appliances. Close to schools and shopping.
PROP_0240,2020-05-26,2020-06-22,Chicago,42.02568532804873,-87.47743158005595,Villa,5,2.5,2272.0,0.17004679326443603,2003.0,22.0,Good,771086.0,Street,False,Yes,1,1,380.62,30.0,121,4,50.3,Spacious 5 bedroom villa. Perfect for families! Chicago location.
PROP_0163,2021-07-10,2021-12-05,Austin,30.294600578508557,-97.73806934772446,Multi Family,4,3.5,3597.0,1.0212186139761152,2016.0,8.0,Good,878435.0,Garage,False,No,2,2,19.4,42.0,135,5,87.3,Charming multi family featuring 3.5 bathrooms. Great location in Austin! Updated kitchen and appliances. Close to schools and shopping.
PROP_0219,2021-02-04,2021-06-23,Houston,29.74453445041314,-95.48846415173651,Single Family,6,2.0,2986.0,0.05,1998.0,27.0,Good,779082.0,Garage,True,Yes,3,1,50.63,81.0,114,3,64.3,"Lovely single family home, well-maintained and move-in ready. Located in Houston."
PROP_0262,2020-09-10,2021-02-05,Philadelphia,39.911654475502175,-75.15753838945415,Single Family,3,1.5,801.0,0.29553694759660865,2004.0,21.0,Fair,379757.0,Garage,False,No,1,1,108.47,21.0,119,4,70.7,Spacious 3 bedroom single family. Perfect for families! Philadelphia location. Updated kitchen and appliances.
PROP_0139,2022-03-05,2022-07-16,Philadelphia,39.988352624383715,-75.22392694177661,Condo,3,1.0,1453.0,,1988.0,37.0,Fair,474718.0,Garage,True,No,2,2,252.39,67.0,119,6,71.3,Stunning fair property with modern amenities. 3BR/1.0BA in prime Philadelphia area. Close to schools and shopping.
PROP_0063,2022-08-13,2023-01-01,San Diego,32.643869658382926,-117.07051123885095,Condo,5,2.5,904.0,,2020.0,4.0,Good,467975.0,Garage,True,Yes,2,1,358.9,7.0,126,3,78.2,Charming condo featuring 2.5 bathrooms. Great location in San Diego!
PROP_0216,2020-07-21,2021-01-03,San Diego,32.755976829199305,-117.09211367502037,Single Family,3,3.0,1652.0,0.11624366593255978,1976.0,48.0,Fair,611902.0,Carport,False,No,1,3,55.91,2.0,126,5,,Beautiful fair single family with 3 bedrooms in San Diego. Spacious living area. Updated kitchen and appliances.
PROP_0136,2022-02-05,2022-06-16,Chicago,41.89259374147812,-87.66804830174581,Single Family,2,3.0,1148.0,0.0513592594979927,2004.0,21.0,Excellent,570109.0,None,True,Yes,1,1,,34.0,111,8,68.6,Beautiful excellent single family with 2 bedrooms in Chicago. Spacious living area. Updated kitchen and appliances.
PROP_0129,2021-12-26,2022-01-18,San Diego,32.636004856422545,-117.16867708272216,Single Family,3,2.5,2317.0,0.45084346176957657,1972.0,52.0,Excellent,710472.0,Garage,False,No,3,2,55.35,24.0,132,6,48.2,
PROP_0297,2023-07-24,2024-01-09,Philadelphia,39.846043627513495,-75.15601942254193,Condo,1,2.0,1612.0,,1980.0,44.0,Fair,397990.0,None,False,No,2,2,374.33,91.0,113,5,83.3,Stunning fair property with modern amenities. 1BR/2.0BA in prime Philadelphia area.
PROP_0009,2021-04-11,2021-08-02,Philadelphia,40.04079299103832,-75.33368721389677,Multi Family,3,2.0,1219.0,1.615951152270382,1992.0,32.0,Fair,510614.0,Garage,False,No,1,1,203.16,63.0,135,4,58.6,Charming multi family featuring 2.0 bathrooms. Great location in Philadelphia! Updated kitchen and appliances.
PROP_0071,2022-10-22,2023-03-27,Dallas,32.73189728601997,-97.00940980743302,Multi Family,1,2.5,1954.0,0.5606194211353308,2016.0,8.0,Good,459304.0,None,False,No,2,2,130.99,42.0,128,5,43.2,Beautiful good multi family with 1 bedrooms in Dallas. Spacious living area. Updated kitchen and appliances.
PROP_0281,2020-04-13,2020-07-01,Philadelphia,40.147703429802,-75.22419785904144,Single Family,4,1.5,766.0,1.2400216983184258,2003.0,21.0,Good,1288039.0,Carport,False,Yes,2,3,,66.0,114,3,89.9,Stunning good property with modern amenities. 4BR/1.5BA in prime Philadelphia area.
PROP_0065,2021-05-23,2021-07-05,Los Angeles,34.09673988244117,-118.24227881111838,Condo,3,3.0,784.0,,2002.0,22.0,Good,1898175.0,Garage,False,No,2,1,363.71,42.0,105,5,68.8,"Lovely condo home, well-maintained and move-in ready. Located in Los Angeles."
PROP_0045,2023-02-28,2023-03-29,Dallas,32.60875407179982,-96.85750630759918,Single Family,4,2.0,2440.0,0.35087087116062304,2016.0,9.0,Good,708332.0,Garage,False,No,1,0,85.46,78.0,133,5,,Spacious 4 bedroom single family. Perfect for families! Dallas location. Updated kitchen and appliances. Close to schools and shopping.
PROP_0246,2020-12-03,2021-02-07,San Antonio,29.41401770098148,-98.34374351611349,Multi Family,4,2.5,1877.0,0.6151359384743603,,61.0,Excellent,493517.0,None,True,Yes,2,1,53.37,43.0,107,5,82.2,Beautiful excellent multi family with 4 bedrooms in San Antonio. Spacious living area. Updated kitchen and appliances.
PROP_0157,2021-06-08,2021-11-03,Houston,29.789097395845396,-95.57832176435655,Condo,3,2.0,1064.0,,1991.0,33.0,Good,413017.0,None,True,Yes,3,1,316.86,40.0,114,6,76.4,Charming condo featuring 2.0 bathrooms. Great location in Houston! Updated kitchen and appliances.
PROP_0041,2022-08-15,2023-01-27,Chicago,41.62080687586157,-87.6683538239968,Single Family,3,1.5,2180.0,0.7839520420140792,2006.0,19.0,Good,619327.0,Street,False,No,2,1,,35.0,120,10,59.9,"Lovely single family home, well-maintained and move-in ready. Located in Chicago."
PROP_0124,2021-05-17,2021-10-26,Houston,29.788755807061094,-95.39786160161648,Multi Family,4,1.0,903.0,1.1587773204484093,2012.0,12.0,Fair,457123.0,Garage,False,No,3,1,335.85,87.0,116,5,60.1,Stunning fair property with modern amenities. 4BR/1.0BA in prime Houston area.
PROP_0282,2020-09-10,2021-02-07,Phoenix,33.43205326632978,-112.18851774240353,Townhouse,4,2.5,1083.0,0.8284089248752647,1979.0,46.0,Excellent,418489.0,Carport,True,No,2,0,188.01,75.0,114,1,45.4,Beautiful excellent townhouse with 4 bedrooms in Phoenix. Spacious living area.
PROP_0217,2023-04-22,2023-08-19,New York,40.59647794599096,-73.74959420506997,Villa,2,2.0,890.0,0.7749931858698504,2005.0,19.0,Good,1153359.0,Carport,True,Yes,1,1,331.15,31.0,137,6,78.9,Beautiful good villa with 2 bedrooms in New York. Spacious living area.
PROP_0154,2023-04-09,2023-07-15,Los Angeles,34.049772272010806,-118.29922239991288,Townhouse,3,1.5,3393.0,0.8407706678297269,1999.0,25.0,Fair,837807.0,Garage,True,No,2,3,152.42,30.0,116,2,59.2,Charming townhouse featuring 1.5 bathrooms. Great location in Los Angeles!
PROP_0024,2022-08-13,2022-10-05,New York,40.89003779869776,-74.0458373390177,Multi Family,4,2.0,1643.0,0.5556629056401472,1989.0,35.0,Excellent,2837937.0,Garage,True,No,3,0,77.46,20.0,117,4,85.3,Spacious 4 bedroom multi family. Perfect for families! New York location.
PROP_0267,2020-01-09,2020-02-07,Chicago,41.82914605563085,-87.56754436666574,Single Family,4,3.0,1101.0,1.1180447545891667,2015.0,9.0,Excellent,1597956.0,Garage,False,Yes,2,2,,45.0,115,5,89.8,Spacious 4 bedroom single family. Perfect for families! Chicago location. Updated kitchen and appliances.
PROP_0111,2021-02-22,2021-06-15,Phoenix,33.40597844347882,-112.13862093618229,Condo,2,1.0,2019.0,,2007.0,17.0,Good,494214.0,Street,True,Yes,2,1,300.55,35.0,120,5,89.2,Spacious 2 bedroom condo. Perfect for families! Phoenix location.
PROP_0082,2020-09-26,2021-02-19,Austin,30.19014777891659,-97.80550292936405,Condo,5,1.0,1675.0,,2021.0,4.0,Good,693560.0,Street,True,No,1,2,248.61,7.0,125,2,89.7,Charming condo featuring 1.0 bathrooms. Great location in Austin! Close to schools and shopping.
PROP_0237,2022-08-12,2022-08-28,Los Angeles,34.14413028697077,-118.18844759147416,Single Family,3,3.0,1025.0,0.8843105756635521,2002.0,22.0,Good,534528.0,Street,False,Yes,2,3,267.84,32.0,127,4,56.8,"Lovely single family home, well-maintained and move-in ready. Located in Los Angeles."
PROP_0208,2021-01-19,2021-06-02,Los Angeles,34.04090082181319,-118.3661935050189,Single Family,3,2.0,945.0,0.21429022326079453,1959.0,66.0,Good,557448.0,Carport,True,Yes,1,1,244.52,53.0,138,3,85.9,
PROP_0213,2023-12-10,2024-03-16,Dallas,32.59202275655286,-96.853666941251,Single Family,2,1.0,607.0,0.0972233630107743,1989.0,36.0,Good,188100.0,Garage,False,No,1,1,,30.0,105,1,89.2,Stunning good property with modern amenities. 2BR/1.0BA in prime Dallas area. Updated kitchen and appliances.
PROP_0040,2021-11-17,2022-04-30,Chicago,42.19554421371268,-87.61157593953433,Condo,4,2.0,1084.0,,1990.0,34.0,Poor,345144.0,Garage,True,Yes,2,1,471.36,8.0,117,8,71.0,Spacious 4 bedroom condo. Perfect for families! Chicago location.
PROP_0251,2023-12-09,2024-01-01,Austin,30.324319392056797,-97.70557487443813,Townhouse,3,2.0,637.0,0.12720186551330068,2015.0,9.0,Good,317341.0,Carport,False,No,2,1,186.0,70.0,105,6,42.9,Stunning good property with modern amenities. 3BR/2.0BA in prime Austin area.
PROP_0298,2022-03-26,2022-09-12,Los Angeles,34.058585630133415,-118.23164100661093,Single Family,4,3.0,4133.0,0.7059672372901032,1999.0,25.0,Fair,1155516.0,None,True,Yes,1,3,159.08,3.0,120,7,63.9,Beautiful fair single family with 4 bedrooms in Los Angeles. Spacious living area. Updated kitchen and appliances.
PROP_0263,2021-03-28,2021-07-27,Los Angeles,34.20907090110109,-118.39805378118352,Multi Family,3,3.0,1906.0,0.6404327729459217,1998.0,26.0,Good,607097.0,Street,False,No,2,2,66.39,19.0,121,4,93.1,Stunning good property with modern amenities. 3BR/3.0BA in prime Los Angeles area. Close to schools and shopping.
PROP_0200,2023-01-09,2023-03-28,Austin,30.148657999531967,-97.78298924922535,Single Family,6,1.5,2054.0,0.31506792070686856,1997.0,27.0,Good,691028.0,Garage,True,No,1,1,,61.0,122,5,87.7,
PROP_0015,2022-05-21,2022-06-24,Chicago,41.9232515942019,-87.56541973982957,Condo,3,2.0,2283.0,,1953.0,71.0,Good,505838.0,Garage,False,No,3,1,398.6,4.0,111,7,69.7,Charming condo featuring 2.0 bathrooms. Great location in Chicago!
PROP_0048,2022-04-20,2022-06-30,Phoenix,33.360847497318815,-112.0535389790475,Condo,2,2.0,823.0,,2008.0,16.0,Fair,325970.0,Garage,False,Yes,3,1,431.53,65.0,126,8,69.7,Stunning fair property with modern amenities. 2BR/2.0BA in prime Phoenix area. Updated kitchen and appliances.
PROP_0095,2022-02-02,2022-04-05,Dallas,32.729146945583565,-96.69543130549364,Multi Family,2,4.0,721.0,0.8257498255068114,2012.0,12.0,Fair,375803.0,Carport,False,No,2,1,86.88,80.0,132,5,96.6,Charming multi family featuring 4.0 bathrooms. Great location in Dallas! Updated kitchen and appliances.
PROP_0270,2022-03-26,2022-08-28,Phoenix,33.471464091026434,-112.30646792724865,Single Family,3,2.5,5000.0,0.5320530117475253,2003.0,21.0,Good,1091451.0,Garage,False,No,2,2,133.01,74.0,109,5,96.4,Beautiful good single family with 3 bedrooms in Phoenix. Spacious living area. Updated kitchen and appliances.
PROP_0228,2021-08-31,2022-01-20,San Antonio,29.41220020242691,-98.61138966429806,Townhouse,3,1.5,715.0,0.7436515235188341,2009.0,15.0,Excellent,315115.0,Carport,False,Yes,1,2,137.11,134.0,113,4,,Charming townhouse featuring 1.5 bathrooms. Great location in San Antonio!
PROP_0280,2023-12-16,2024-05-31,Phoenix,33.256532524296816,-112.13977727605557,Single Family,3,2.5,1401.0,0.11518422532964959,1995.0,29.0,Fair,450437.0,Carport,True,Yes,2,2,624.64,21.0,117,4,88.8,"Lovely single family home, well-maintained and move-in ready. Located in Phoenix."
PROP_0202,2020-04-22,2020-06-09,Phoenix,33.50026396476136,-112.13647067231621,Townhouse,4,2.0,1055.0,0.5572150295450077,1960.0,65.0,Good,249930.0,Street,False,Yes,1,3,113.4,112.0,117,6,83.5,
PROP_0162,2021-11-12,2022-02-18,San Antonio,29.359244814394064,-98.41341426679598,Condo,1,1.0,3081.0,,1992.0,32.0,Fair,644168.0,Carport,False,No,2,2,338.1,77.0,119,3,87.3,"Lovely condo home, well-maintained and move-in ready. Located in San Antonio."
PROP_0044,2022-04-11,2022-05-03,Los Angeles,33.93442144585077,-118.3117261587194,Condo,2,2.0,1449.0,,1991.0,34.0,Good,483615.0,Garage,False,No,3,2,276.63,65.0,132,6,90.0,Stunning good property with modern amenities. 2BR/2.0BA in prime Los Angeles area.
PROP_0218,2020-05-02,2020-08-19,Austin,30.145624662583273,-97.7276752686266,Multi Family,4,1.0,1693.0,0.596366180795835,2011.0,14.0,Good,449365.0,None,False,No,1,1,122.18,10.0,118,4,35.3,Beautiful good multi family with 4 bedrooms in Austin. Spacious living area.
PROP_0146,2023-06-18,2023-10-18,Los Angeles,33.799266256007535,-118.11388222921653,Condo,4,1.0,1135.0,,1983.0,41.0,Poor,503279.0,Garage,True,No,1,2,242.72,24.0,110,5,43.9,Spacious 4 bedroom condo. Perfect for families! Los Angeles location. Updated kitchen and appliances.
PROP_0191,2023-06-10,2023-07-17,Chicago,41.89758528212019,-87.64566744437107,Condo,3,3.0,1926.0,,2001.0,24.0,Good,509504.0,Carport,True,No,1,2,430.09,5.0,125,8,59.0,Charming condo featuring 3.0 bathrooms. Great location in Chicago!
PROP_0106,2021-10-09,2021-12-12,New York,40.80781784795286,-73.95204275935998,Condo,1,3.0,1878.0,,2005.0,19.0,Good,533351.0,Street,False,No,2,0,246.34,66.0,121,2,88.1,"Lovely condo home, well-maintained and move-in ready. Located in New York."
PROP_0054,2020-01-14,2020-07-11,Austin,30.40691644275488,-97.81213992843017,Townhouse,4,1.5,968.0,1.372597314761352,2000.0,24.0,Good,424872.0,Carport,True,No,2,2,99.51,52.0,126,4,67.9,Spacious 4 bedroom townhouse. Perfect for families! Austin location. Close to schools and shopping.
PROP_0002,2023-12-30,2024-05-10,Philadelphia,40.0092340130519,-75.08201818238948,Villa,2,2.0,2732.0,0.16408921128404227,1990.0,35.0,Fair,663225.0,Street,False,No,1,2,75.73,73.0,105,4,72.5,Stunning fair property with modern amenities. 2BR/2.0BA in prime Philadelphia area.
PROP_0050,2023-07-21,2024-01-15,Philadelphia,39.88985811156225,-75.21473892429313,Single Family,3,1.5,961.0,1.087284846225886,2001.0,24.0,Excellent,441101.0,Garage,True,Yes,2,2,74.02,56.0,101,9,61.4,"Lovely single family home, well-maintained and move-in ready. Located in Philadelphia. Updated kitchen and appliances."
PROP_0081,2022-09-22,2023-02-17,Los Angeles,34.17442033462079,-118.46113235640867,Single Family,1,2.0,887.0,0.20760784168866617,2002.0,23.0,Good,472659.0,Garage,True,Yes,2,0,,12.0,111,5,88.7,Charming single family featuring 2.0 bathrooms. Great location in Los Angeles!
PROP_0206,2022-05-04,2022-08-11,Dallas,32.60619133307563,-96.65870955655352,Single Family,4,2.0,1329.0,0.4186330819191136,1978.0,47.0,Fair,457420.0,None,False,No,1,2,128.0,4.0,123,3,78.8,Charming single family featuring 2.0 bathrooms. Great location in Dallas! Updated kitchen and appliances.
PROP_0035,2021-05-25,2021-08-30,Phoenix,33.41318752796963,-112.11653212341618,Multi Family,1,2.0,1063.0,0.217736219656594,2013.0,12.0,Fair,313339.0,Garage,False,No,2,1,350.68,41.0,115,4,70.2,Spacious 1 bedroom multi family. Perfect for families! Phoenix location. Updated kitchen and appliances.
PROP_0264,2022-11-26,2023-02-07,San Diego,32.84739435632326,-117.11716972423186,Single Family,4,1.5,2308.0,0.22259808806302553,2008.0,17.0,Fair,695509.0,Street,False,No,2,0,27.41,96.0,128,5,85.5,Charming single family featuring 1.5 bathrooms. Great location in San Diego!
PROP_0092,2022-12-12,2023-02-17,New York,40.73552614091346,-73.93120195659381,Multi Family,3,3.0,1449.0,0.27162944640640224,1993.0,31.0,Fair,652834.0,Garage,False,No,2,2,124.0,84.0,122,5,82.7,Spacious 3 bedroom multi family. Perfect for families! New York location. Close to schools and shopping.
PROP_0053,2020-11-11,2020-12-17,Dallas,32.83047659584069,-96.9328711514562,Condo,4,2.5,2803.0,,1980.0,45.0,Fair,674481.0,Garage,False,No,2,0,665.03,41.0,123,8,63.1,Charming condo featuring 2.5 bathrooms. Great location in Dallas!
PROP_0265,2023-03-29,2023-07-10,San Diego,32.626878924455276,-117.29740396585511,Single Family,2,3.0,1221.0,0.605338967982762,1980.0,45.0,Excellent,438658.0,Carport,False,Yes,2,2,144.79,46.0,133,8,91.4,Charming single family featuring 3.0 bathrooms. Great location in San Diego!
PROP_0242,2022-05-13,2022-08-30,Dallas,32.79132480078189,-96.7447879642745,Condo,3,1.5,1776.0,,,47.0,Poor,490348.0,Garage,True,Yes,2,0,545.51,4.0,135,1,70.7,Charming condo featuring 1.5 bathrooms. Great location in Dallas!
PROP_0014,2023-01-28,2023-02-22,Austin,30.24587928730948,-97.72714665942692,Villa,1,3.0,1135.0,0.2998295090942814,2002.0,23.0,Good,490842.0,Garage,False,Yes,2,1,178.22,47.0,117,1,74.5,Spacious 1 bedroom villa. Perfect for families! Austin location.
PROP_0089,2021-12-20,2022-03-20,Philadelphia,39.97569439563881,-75.23679758069262,Townhouse,3,2.5,1133.0,0.6370290555527565,2006.0,18.0,Good,373027.0,Garage,True,No,3,2,298.29,50.0,139,7,65.5,
PROP_0167,2022-11-17,2022-12-24,Houston,29.82221405952807,-95.42017044806731,Single Family,4,3.0,794.0,0.6367448391352531,2001.0,23.0,Good,345516.0,Carport,True,No,1,2,,58.0,128,3,28.9,Charming single family featuring 3.0 bathrooms. Great location in Houston! Updated kitchen and appliances.
PROP_0150,2021-04-29,2021-09-09,Los Angeles,33.78747471201025,-118.17074572333642,Multi Family,4,1.0,947.0,0.4469710181678676,2013.0,11.0,Good,468597.0,Garage,False,No,2,2,132.12,65.0,123,5,83.0,Spacious 4 bedroom multi family. Perfect for families! Los Angeles location.
PROP_0135,2021-05-17,2021-06-13,Philadelphia,40.08808451723732,-75.06233573696969,Single Family,3,2.0,1409.0,0.40443552040711334,2007.0,17.0,Poor,466292.0,None,True,Yes,2,0,20.49,60.0,114,6,94.4,Spacious 3 bedroom single family. Perfect for families! Philadelphia location.
PROP_0294,2020-06-09,2020-10-13,Phoenix,33.40030538727419,-112.31951250257222,Townhouse,1,2.5,1359.0,0.2281932550189311,2003.0,22.0,Good,312940.0,None,False,Yes,2,0,109.67,44.0,125,3,61.6,
PROP_0244,2022-07-17,2022-08-07,Phoenix,33.65997557219166,-112.0945254629614,Condo,5,2.0,895.0,,2011.0,14.0,Fair,455398.0,None,False,Yes,3,1,589.94,7.0,120,7,67.1,Spacious 5 bedroom condo. Perfect for families! Phoenix location.
PROP_0055,2020-08-29,2020-11-27,San Diego,32.7773215816968,-117.22414126240297,Condo,4,2.0,1383.0,,1994.0,30.0,Good,523338.0,Carport,False,Yes,1,1,346.62,42.0,122,3,81.8,Stunning good property with modern amenities. 4BR/2.0BA in prime San Diego area.
PROP_0051,2021-01-22,2021-02-19,Chicago,41.91998394138685,-87.66872881917276,Condo,1,1.0,1663.0,,1991.0,34.0,Good,353855.0,Carport,True,Yes,1,1,385.88,17.0,124,8,91.7,Charming condo featuring 1.0 bathrooms. Great location in Chicago!
PROP_0175,2023-11-01,2024-03-31,Phoenix,33.586227478633575,-112.0056414254799,Single Family,2,2.5,1270.0,0.23843544311184878,1995.0,30.0,Good,1235249.0,Garage,False,Yes,3,2,598.48,20.0,121,5,81.3,Beautiful good single family with 2 bedrooms in Phoenix. Spacious living area. Updated kitchen and appliances.
PROP_0190,2023-10-29,2024-03-05,Dallas,32.808480516920184,-96.8599516548049,Villa,1,3.0,1729.0,0.273962154181812,1996.0,29.0,Fair,510879.0,Carport,False,Yes,2,1,209.44,45.0,117,10,67.2,Charming villa featuring 3.0 bathrooms. Great location in Dallas! Updated kitchen and appliances. Close to schools and shopping.
PROP_0262,2020-09-10,2021-02-05,Philadelphia,39.911654475502175,-75.15753838945415,Single Family,3,1.5,801.0,0.29553694759660865,2004.0,21.0,Fair,379757.0,Garage,False,No,1,1,108.47,21.0,119,4,70.7,Spacious 3 bedroom single family. Perfect for families! Philadelphia location. Updated kitchen and appliances.
PROP_0188,2021-11-14,2022-04-07,Houston,29.696614690327056,-95.41721455811235,Single Family,2,2.0,1048.0,0.11366954884695014,1995.0,30.0,Fair,372396.0,Carport,False,No,1,2,240.61,38.0,110,9,60.1,Spacious 2 bedroom single family. Perfect for families! Houston location.
PROP_0170,2023-10-03,2023-10-17,New York,40.72245452635388,-74.15598369113235,Single Family,2,4.0,1714.0,0.20723298457959438,2001.0,23.0,Good,645883.0,Carport,False,Yes,1,3,143.57,52.0,115,4,83.5,Charming single family featuring 4.0 bathrooms. Great location in New York!
PROP_0059,2022-06-16,2022-10-28,San Diego,32.79975272502515,-117.16494917200198,Villa,3,2.0,1284.0,1.06080630984686,1996.0,28.0,Good,557815.0,Garage,True,No,2,3,147.21,3.0,115,8,90.8,
PROP_0049,2020-06-15,2020-10-01,Philadelphia,39.892335219469466,-75.03501508318399,Condo,6,1.5,774.0,,1997.0,28.0,Good,429842.0,Garage,False,No,2,2,347.03,42.0,106,4,,Charming condo featuring 1.5 bathrooms. Great location in Philadelphia!
PROP_0236,2022-02-02,2022-03-15,San Antonio,29.285562813433025,-98.60433195133463,Single Family,3,2.0,1226.0,0.34018447869224555,2002.0,22.0,Good,467845.0,Carport,False,Yes,3,1,323.46,19.0,104,6,87.9,Stunning good property with modern amenities. 3BR/2.0BA in prime San Antonio area. Updated kitchen and appliances.
PROP_0253,2020-09-19,2021-02-10,New York,40.58167789898249,-73.88615550471683,Condo,3,1.0,1449.0,,2002.0,23.0,Good,629194.0,Garage,False,Yes,3,2,357.18,36.0,127,2,85.7,Stunning good property with modern amenities. 3BR/1.0BA in prime New York area. Updated kitchen and appliances. Close to schools and shopping.
PROP_0022,2021-01-20,2021-01-28,Dallas,32.74929556427689,-96.73618861087816,Condo,4,2.5,830.0,,1993.0,31.0,Excellent,426961.0,Garage,False,No,2,0,289.35,52.0,99,10,59.4,"Lovely condo home, well-maintained and move-in ready. Located in Dallas. Updated kitchen and appliances."
PROP_0161,2021-07-31,2021-09-20,San Diego,32.691193038168365,-117.24941572450965,Condo,4,2.0,2010.0,,1991.0,33.0,Fair,686361.0,Garage,False,Yes,1,2,216.62,0.0,119,8,59.9,Stunning fair property with modern amenities. 4BR/2.0BA in prime San Diego area. Close to schools and shopping.
PROP_0277,2021-09-19,2022-02-12,Phoenix,33.62007654803144,-111.92023884399259,Single Family,3,3.0,1208.0,0.2759776895484478,1969.0,55.0,Fair,450567.0,Carport,True,Yes,2,2,,56.0,110,4,,Beautiful fair single family with 3 bedrooms in Phoenix. Spacious living area.
PROP_0192,2023-02-10,2023-07-25,Chicago,41.87393785067075,-87.57419433521711,Single Family,3,2.0,1721.0,1.185079400881197,1999.0,25.0,Fair,546498.0,Garage,False,No,3,2,154.29,1.0,127,7,74.3,"Lovely single family home, well-maintained and move-in ready. Located in Chicago."
PROP_0258,2022-05-30,2022-10-09,Chicago,41.991225279039774,-87.65727474951744,Single Family,2,2.0,1484.0,1.3589031830400218,2021.0,3.0,Poor,552697.0,Garage,False,No,1,2,253.13,67.0,130,4,57.6,Beautiful poor single family with 2 bedrooms in Chicago. Spacious living area.
PROP_0150,2021-04-29,2021-09-09,Los Angeles,33.78747471201025,-118.17074572333642,Multi Family,4,1.0,947.0,0.4469710181678676,2013.0,11.0,Good,468597.0,Garage,False,No,2,2,132.12,65.0,123,5,83.0,Spacious 4 bedroom multi family. Perfect for families! Los Angeles location.
PROP_0131,2021-09-04,2021-11-05,Austin,30.333573721388802,-97.64208585395714,Condo,3,2.5,1848.0,,2017.0,8.0,Good,603769.0,Garage,False,Yes,1,2,325.79,2.0,112,8,76.5,Stunning good property with modern amenities. 3BR/2.5BA in prime Austin area. Close to schools and shopping.
PROP_0152,2020-08-18,2020-10-30,Los Angeles,34.07781614584338,-118.2456881610289,Single Family,4,2.0,766.0,0.09045977962264516,2002.0,22.0,Good,584765.0,Street,False,Yes,1,2,115.58,51.0,126,7,33.2,Beautiful good single family with 4 bedrooms in Los Angeles. Spacious living area. Close to schools and shopping.
PROP_0100,2023-03-26,2023-06-08,Dallas,32.770270731288946,-96.93127065585062,Single Family,3,2.5,930.0,0.2546583744091659,1991.0,34.0,Fair,312586.0,Garage,False,Yes,1,0,239.54,10.0,123,2,89.0,Stunning fair property with modern amenities. 3BR/2.5BA in prime Dallas area. Close to schools and shopping.
PROP_0088,2020-10-22,2020-11-27,New York,40.54347338252902,-74.09605328851872,Single Family,2,1.0,1640.0,0.8367789338305218,1975.0,49.0,Fair,575394.0,Garage,True,Yes,1,1,,68.0,133,2,84.1,
PROP_0215,2022-04-15,2022-07-18,Philadelphia,39.874569834614306,-75.10118101762929,Multi Family,3,1.0,1834.0,0.804384145770861,1994.0,31.0,Excellent,501024.0,Street,False,No,2,0,98.83,27.0,126,1,50.9,Stunning excellent property with modern amenities. 3BR/1.0BA in prime Philadelphia area.
PROP_0122,2022-11-22,2023-03-30,New York,40.70781913681734,-74.11791149280268,Multi Family,2,3.0,1314.0,0.07969626064986514,2009.0,16.0,Poor,579690.0,Carport,True,No,3,2,174.1,13.0,133,3,75.8,"Lovely multi family home, well-maintained and move-in ready. Located in New York. Updated kitchen and appliances. Close to schools and shopping."
PROP_0058,2021-07-18,2021-12-24,Phoenix,33.44185226462425,-111.99325826389172,Multi Family,3,3.0,606.0,0.06557866064952698,2010.0,14.0,Fair,317954.0,Street,False,No,1,2,47.71,33.0,106,6,,Beautiful fair multi family with 3 bedrooms in Phoenix. Spacious living area. Close to schools and shopping.
PROP_0021,2022-03-16,2022-08-14,San Diego,32.781039973791486,-117.29021243889487,Single Family,2,4.0,1658.0,0.44152669284802293,1995.0,30.0,Excellent,580694.0,Street,False,Yes,1,0,245.58,57.0,125,1,74.5,"Lovely single family home, well-maintained and move-in ready. Located in San Diego. Updated kitchen and appliances. Close to schools and shopping."
PROP_0189,2021-10-25,2022-04-10,San Diego,32.669249307449746,-117.25613309681968,Single Family,4,1.0,1016.0,1.0902477253252758,2011.0,14.0,Excellent,499637.0,Garage,False,No,2,2,156.27,34.0,129,3,82.0,Spacious 4 bedroom single family. Perfect for families! San Diego location.
PROP_0072,2022-10-18,2022-11-04,New York,40.56942914275381,-73.8594610244481,Condo,3,3.0,1385.0,,2004.0,20.0,Excellent,573912.0,Street,False,Yes,1,2,324.56,50.0,124,5,48.7,"Lovely condo home, well-maintained and move-in ready. Located in New York."
PROP_0107,2022-12-22,2023-04-13,Phoenix,33.5830745978641,-112.06132068403195,Single Family,6,3.0,2090.0,0.32053400190991516,1973.0,52.0,Good,587992.0,Garage,False,No,1,0,,77.0,126,9,66.1,Beautiful good single family with 6 bedrooms in Phoenix. Spacious living area. Updated kitchen and appliances.
PROP_0271,2020-07-26,2020-12-21,Philadelphia,39.88223025079674,-75.17940385267744,Single Family,3,1.0,552.0,0.38311329555530793,1987.0,37.0,Good,274857.0,Carport,False,Yes,2,2,43.24,8.0,126,6,56.8,Charming single family featuring 1.0 bathrooms. Great location in Philadelphia! Updated kitchen and appliances.
PROP_0103,2021-06-04,2021-09-17,Phoenix,33.51013898097203,-112.19401699964016,Single Family,5,2.5,2797.0,0.3224979483851283,2003.0,21.0,Fair,761380.0,Street,False,Yes,3,2,791.82,27.0,127,2,80.5,Beautiful fair single family with 5 bedrooms in Phoenix. Spacious living area.
